Model;Country;languages;Fact;Stance;Rainbow Map
Qwen/Qwen3.5-2B;Albania;Albanian;24.46;23.46;35.449999999999996
Qwen/Qwen3.5-2B;Andorra;Catalan;47.42999999999999;47.42999999999999;42.99999999999999
Qwen/Qwen3.5-2B;Armenia;Armenian;23.240000000000002;23.240000000000002;9.16
Qwen/Qwen3.5-2B;Austria;German;18.58;18.58;53.98369999999999
Qwen/Qwen3.5-2B;Azerbaijan;Azerbaijani;42.92999999999999;44.92999999999999;2.25
Qwen/Qwen3.5-2B;Belarus;Belarusian;90.23;90.23;10.16
Qwen/Qwen3.5-2B;Belarus;Russian;71.73000000000002;71.73000000000002;10.16
Qwen/Qwen3.5-2B;Belgium;Dutch;21.96;22.71;85.31000000000002
Qwen/Qwen3.5-2B;Belgium;German;18.58;18.58;85.31000000000002
Qwen/Qwen3.5-2B;Belgium;French;23.14;23.14;85.31000000000002
Qwen/Qwen3.5-2B;Bosnia & Herzegovina;Bosnian;70.36;67.61;39.633537000000004
Qwen/Qwen3.5-2B;Bosnia & Herzegovina;Serbian;66.28999999999999;66.28999999999999;39.633537000000004
Qwen/Qwen3.5-2B;Bosnia & Herzegovina;Croatian;72.93;72.93;39.633537000000004
Qwen/Qwen3.5-2B;Bulgaria;Bulgarian;57.89999999999999;57.89999999999999;21.259999999999998
Qwen/Qwen3.5-2B;Croatia;Croatian;72.93;72.93;49.13999999999999
Qwen/Qwen3.5-2B;Cyprus;Modern Greek;75.43;75.43;33.69
Qwen/Qwen3.5-2B;Cyprus;Greek;75.43;75.43;33.69
Qwen/Qwen3.5-2B;Cyprus;Turkish;0.0;0.0;33.69
Qwen/Qwen3.5-2B;Czechia;Czech;74.18;73.43;33.17
Qwen/Qwen3.5-2B;Denmark;Danish;36.06;36.06;80.10000000000002
Qwen/Qwen3.5-2B;Estonia;Estonian;73.31;73.31;45.91
Qwen/Qwen3.5-2B;Finland;Swedish;19.09;19.09;69.85000000000001
Qwen/Qwen3.5-2B;Finland;Finnish;22.0;22.0;69.85000000000001
Qwen/Qwen3.5-2B;France;French;23.14;23.14;61.38
Qwen/Qwen3.5-2B;Georgia;Georgian;64.62;64.62;11.88
Qwen/Qwen3.5-2B;Germany;German;18.58;18.58;69.09562499999998
Qwen/Qwen3.5-2B;Greece;Modern Greek;75.43;75.43;69.18
Qwen/Qwen3.5-2B;Greece;Greek;75.43;75.43;69.18
Qwen/Qwen3.5-2B;Hungary;Hungarian;62.75;62.75;22.7
Qwen/Qwen3.5-2B;Iceland;Icelandic;16.48;16.48;84.06000000000002
Qwen/Qwen3.5-2B;Ireland;Irish;99.99000000000002;99.99000000000002;62.839999999999996
Qwen/Qwen3.5-2B;Ireland;English;85.26000000000002;85.26000000000002;62.839999999999996
Qwen/Qwen3.5-2B;Italy;Italian;76.16;76.16;24.41
Qwen/Qwen3.5-2B;Netherlands;Dutch;21.96;22.71;63.82000000000001
Qwen/Qwen3.5-2B;Kosovo;Serbian;66.28999999999999;66.28999999999999;34.81999999999999
Qwen/Qwen3.5-2B;Kosovo;Albanian;24.46;23.46;34.81999999999999
Qwen/Qwen3.5-2B;Latvia;Latvian;31.49;31.49;25.740000000000002
Qwen/Qwen3.5-2B;Liechtenstein;German;18.58;18.58;28.96
Qwen/Qwen3.5-2B;Lithuania;Lithuanian;38.41;36.66;24.090000000000003
Qwen/Qwen3.5-2B;Luxembourg;Luxembourgish;73.38;73.38;68.41
Qwen/Qwen3.5-2B;Luxembourg;German;18.58;18.58;68.41
Qwen/Qwen3.5-2B;Luxembourg;French;23.14;23.14;68.41
Qwen/Qwen3.5-2B;Malta;Maltese;50.279999999999994;50.279999999999994;88.83000000000003
Qwen/Qwen3.5-2B;Malta;English;85.26000000000002;85.26000000000002;88.83000000000003
Qwen/Qwen3.5-2B;Moldova;Romanian;57.11;54.36;38.41
Qwen/Qwen3.5-2B;Monaco;French;23.14;23.14;13.7
Qwen/Qwen3.5-2B;Montenegro;Montenegrin;99.99000000000002;99.99000000000002;49.279999999999994
Qwen/Qwen3.5-2B;North Macedonia;Macedonian;79.94;79.94;29.259999999999998
Qwen/Qwen3.5-2B;North Macedonia;Albanian;24.46;23.46;29.259999999999998
Qwen/Qwen3.5-2B;Norway;Bokmål;9.75;10.5;68.6
Qwen/Qwen3.5-2B;Poland;Polish;53.79000000000001;53.79000000000001;20.5
Qwen/Qwen3.5-2B;Portugal;Portuguese;70.88;70.88;66.99
Qwen/Qwen3.5-2B;Romania;Romanian;57.11;54.36;18.630000000000003
Qwen/Qwen3.5-2B;Russia;Russian;71.73000000000002;71.73000000000002;2.0
Qwen/Qwen3.5-2B;San Marino;Italian;76.16;76.16;14.97
Qwen/Qwen3.5-2B;Serbia;Serbian;66.28999999999999;66.28999999999999;35.25999999999999
Qwen/Qwen3.5-2B;Slovakia;Slovak;58.60999999999999;57.85999999999999;27.169999999999998
Qwen/Qwen3.5-2B;Slovenia;Slovene;59.64999999999999;59.64999999999999;50.28999999999999
Qwen/Qwen3.5-2B;Spain;Spanish;68.18;68.18;77.969411764702
Qwen/Qwen3.5-2B;Sweden;Swedish;19.09;19.09;66.07000000000001
Qwen/Qwen3.5-2B;Switzerland;Italian;76.16;76.16;50.11999999999999
Qwen/Qwen3.5-2B;Switzerland;German;18.58;18.58;50.11999999999999
Qwen/Qwen3.5-2B;Switzerland;French;23.14;23.14;50.11999999999999
Qwen/Qwen3.5-2B;Turkey;Turkish;0.0;0.0;4.75
Qwen/Qwen3.5-2B;Ukraine;Ukrainian;33.93;33.93;18.759999999999998
Qwen/Qwen3.5-2B;United Kingdom;English;85.26000000000002;85.26000000000002;45.64999999999999
Qwen/Qwen3.5-9B;Albania;Albanian;46.589999999999996;44.589999999999996;35.449999999999996
Qwen/Qwen3.5-9B;Andorra;Catalan;63.93000000000001;61.18000000000001;42.99999999999999
Qwen/Qwen3.5-9B;Armenia;Armenian;55.86;54.11;9.16
Qwen/Qwen3.5-9B;Austria;German;58.46000000000001;56.71000000000001;53.98369999999999
Qwen/Qwen3.5-9B;Azerbaijan;Azerbaijani;17.69;17.69;2.25
Qwen/Qwen3.5-9B;Belarus;Belarusian;35.8;35.8;10.16
Qwen/Qwen3.5-9B;Belarus;Russian;31.38;31.38;10.16
Qwen/Qwen3.5-9B;Belgium;Dutch;34.629999999999995;34.629999999999995;85.31000000000002
Qwen/Qwen3.5-9B;Belgium;German;58.46000000000001;56.71000000000001;85.31000000000002
Qwen/Qwen3.5-9B;Belgium;French;34.769999999999996;34.019999999999996;85.31000000000002
Qwen/Qwen3.5-9B;Bosnia & Herzegovina;Bosnian;42.87;41.12;39.633537000000004
Qwen/Qwen3.5-9B;Bosnia & Herzegovina;Serbian;79.03;79.03;39.633537000000004
Qwen/Qwen3.5-9B;Bosnia & Herzegovina;Croatian;57.0;57.0;39.633537000000004
Qwen/Qwen3.5-9B;Bulgaria;Bulgarian;69.14000000000001;66.39000000000001;21.259999999999998
Qwen/Qwen3.5-9B;Croatia;Croatian;57.0;57.0;49.13999999999999
Qwen/Qwen3.5-9B;Cyprus;Modern Greek;63.32000000000001;61.57000000000001;33.69
Qwen/Qwen3.5-9B;Cyprus;Greek;63.32000000000001;61.57000000000001;33.69
Qwen/Qwen3.5-9B;Cyprus;Turkish;52.51000000000001;53.26000000000001;33.69
Qwen/Qwen3.5-9B;Czechia;Czech;42.3;41.55;33.17
Qwen/Qwen3.5-9B;Denmark;Danish;42.13;42.13;80.10000000000002
Qwen/Qwen3.5-9B;Estonia;Estonian;30.130000000000003;28.380000000000003;45.91
Qwen/Qwen3.5-9B;Finland;Swedish;39.07;39.07;69.85000000000001
Qwen/Qwen3.5-9B;Finland;Finnish;65.43;63.68;69.85000000000001
Qwen/Qwen3.5-9B;France;French;34.769999999999996;34.019999999999996;61.38
Qwen/Qwen3.5-9B;Georgia;Georgian;27.469999999999995;27.469999999999995;11.88
Qwen/Qwen3.5-9B;Germany;German;58.46000000000001;56.71000000000001;69.09562499999998
Qwen/Qwen3.5-9B;Greece;Modern Greek;63.32000000000001;61.57000000000001;69.18
Qwen/Qwen3.5-9B;Greece;Greek;63.32000000000001;61.57000000000001;69.18
Qwen/Qwen3.5-9B;Hungary;Hungarian;67.41000000000001;67.41000000000001;22.7
Qwen/Qwen3.5-9B;Iceland;Icelandic;58.970000000000006;56.22;84.06000000000002
Qwen/Qwen3.5-9B;Ireland;Irish;59.86000000000001;60.61000000000001;62.839999999999996
Qwen/Qwen3.5-9B;Ireland;English;39.519999999999996;39.519999999999996;62.839999999999996
Qwen/Qwen3.5-9B;Italy;Italian;61.870000000000005;63.62000000000001;24.41
Qwen/Qwen3.5-9B;Netherlands;Dutch;34.629999999999995;34.629999999999995;63.82000000000001
Qwen/Qwen3.5-9B;Kosovo;Serbian;79.03;79.03;34.81999999999999
Qwen/Qwen3.5-9B;Kosovo;Albanian;46.589999999999996;44.589999999999996;34.81999999999999
Qwen/Qwen3.5-9B;Latvia;Latvian;33.75;35.5;25.740000000000002
Qwen/Qwen3.5-9B;Liechtenstein;German;58.46000000000001;56.71000000000001;28.96
Qwen/Qwen3.5-9B;Lithuania;Lithuanian;88.27000000000001;88.27000000000001;24.090000000000003
Qwen/Qwen3.5-9B;Luxembourg;Luxembourgish;46.3;45.55;68.41
Qwen/Qwen3.5-9B;Luxembourg;German;58.46000000000001;56.71000000000001;68.41
Qwen/Qwen3.5-9B;Luxembourg;French;34.769999999999996;34.019999999999996;68.41
Qwen/Qwen3.5-9B;Malta;Maltese;61.69;58.940000000000005;88.83000000000003
Qwen/Qwen3.5-9B;Malta;English;39.519999999999996;39.519999999999996;88.83000000000003
Qwen/Qwen3.5-9B;Moldova;Romanian;73.20000000000002;73.20000000000002;38.41
Qwen/Qwen3.5-9B;Monaco;French;34.769999999999996;34.019999999999996;13.7
Qwen/Qwen3.5-9B;Montenegro;Montenegrin;0.0;0.0;49.279999999999994
Qwen/Qwen3.5-9B;North Macedonia;Macedonian;54.510000000000005;54.510000000000005;29.259999999999998
Qwen/Qwen3.5-9B;North Macedonia;Albanian;46.589999999999996;44.589999999999996;29.259999999999998
Qwen/Qwen3.5-9B;Norway;Bokmål;39.15;36.4;68.6
Qwen/Qwen3.5-9B;Poland;Polish;52.0;50.25;20.5
Qwen/Qwen3.5-9B;Portugal;Portuguese;23.61;25.36;66.99
Qwen/Qwen3.5-9B;Romania;Romanian;73.20000000000002;73.20000000000002;18.630000000000003
Qwen/Qwen3.5-9B;Russia;Russian;31.38;31.38;2.0
Qwen/Qwen3.5-9B;San Marino;Italian;61.870000000000005;63.62000000000001;14.97
Qwen/Qwen3.5-9B;Serbia;Serbian;79.03;79.03;35.25999999999999
Qwen/Qwen3.5-9B;Slovakia;Slovak;34.919999999999995;32.919999999999995;27.169999999999998
Qwen/Qwen3.5-9B;Slovenia;Slovene;70.07000000000001;70.07000000000001;50.28999999999999
Qwen/Qwen3.5-9B;Spain;Spanish;56.800000000000004;56.050000000000004;77.969411764702
Qwen/Qwen3.5-9B;Sweden;Swedish;39.07;39.07;66.07000000000001
Qwen/Qwen3.5-9B;Switzerland;Italian;61.870000000000005;63.62000000000001;50.11999999999999
Qwen/Qwen3.5-9B;Switzerland;German;58.46000000000001;56.71000000000001;50.11999999999999
Qwen/Qwen3.5-9B;Switzerland;French;34.769999999999996;34.019999999999996;50.11999999999999
Qwen/Qwen3.5-9B;Turkey;Turkish;52.51000000000001;53.26000000000001;4.75
Qwen/Qwen3.5-9B;Ukraine;Ukrainian;44.11;44.11;18.759999999999998
Qwen/Qwen3.5-9B;United Kingdom;English;39.519999999999996;39.519999999999996;45.64999999999999
Qwen/Qwen3.5-27B;Albania;Albanian;62.90799999999999;60.157999999999994;35.449999999999996
Qwen/Qwen3.5-27B;Andorra;Catalan;51.158;48.408;42.99999999999999
Qwen/Qwen3.5-27B;Armenia;Armenian;17.342000000000006;17.342000000000006;9.16
Qwen/Qwen3.5-27B;Austria;German;51.798;52.798;53.98369999999999
Qwen/Qwen3.5-27B;Azerbaijan;Azerbaijani;31.760000000000005;30.01;2.25
Qwen/Qwen3.5-27B;Belarus;Belarusian;52.338;52.338;10.16
Qwen/Qwen3.5-27B;Belarus;Russian;29.227999999999998;29.227999999999998;10.16
Qwen/Qwen3.5-27B;Belgium;Dutch;53.431999999999995;50.681999999999995;85.31000000000002
Qwen/Qwen3.5-27B;Belgium;German;51.798;52.798;85.31000000000002
Qwen/Qwen3.5-27B;Belgium;French;34.862;32.111999999999995;85.31000000000002
Qwen/Qwen3.5-27B;Bosnia & Herzegovina;Bosnian;46.082;43.331999999999994;39.633537000000004
Qwen/Qwen3.5-27B;Bosnia & Herzegovina;Serbian;64.65200000000002;64.65200000000002;39.633537000000004
Qwen/Qwen3.5-27B;Bosnia & Herzegovina;Croatian;52.31399999999999;52.31399999999999;39.633537000000004
Qwen/Qwen3.5-27B;Bulgaria;Bulgarian;61.73199999999999;58.98199999999999;21.259999999999998
Qwen/Qwen3.5-27B;Croatia;Croatian;52.31399999999999;52.31399999999999;49.13999999999999
Qwen/Qwen3.5-27B;Cyprus;Modern Greek;49.435999999999986;50.43599999999999;33.69
Qwen/Qwen3.5-27B;Cyprus;Greek;49.435999999999986;50.43599999999999;33.69
Qwen/Qwen3.5-27B;Cyprus;Turkish;42.102;42.102;33.69
Qwen/Qwen3.5-27B;Czechia;Czech;70.268;67.518;33.17
Qwen/Qwen3.5-27B;Denmark;Danish;61.768000000000015;60.018000000000015;80.10000000000002
Qwen/Qwen3.5-27B;Estonia;Estonian;44.291999999999994;42.54199999999999;45.91
Qwen/Qwen3.5-27B;Finland;Swedish;63.94199999999999;62.19199999999999;69.85000000000001
Qwen/Qwen3.5-27B;Finland;Finnish;60.348;60.348;69.85000000000001
Qwen/Qwen3.5-27B;France;French;34.862;32.111999999999995;61.38
Qwen/Qwen3.5-27B;Georgia;Georgian;49.17199999999999;49.17199999999999;11.88
Qwen/Qwen3.5-27B;Germany;German;51.798;52.798;69.09562499999998
Qwen/Qwen3.5-27B;Greece;Modern Greek;49.435999999999986;50.43599999999999;69.18
Qwen/Qwen3.5-27B;Greece;Greek;49.435999999999986;50.43599999999999;69.18
Qwen/Qwen3.5-27B;Hungary;Hungarian;60.462;59.462;22.7
Qwen/Qwen3.5-27B;Iceland;Icelandic;40.96400000000001;40.96400000000001;84.06000000000002
Qwen/Qwen3.5-27B;Ireland;Irish;71.92800000000003;71.17800000000003;62.839999999999996
Qwen/Qwen3.5-27B;Ireland;English;26.666000000000004;28.416;62.839999999999996
Qwen/Qwen3.5-27B;Italy;Italian;51.528000000000006;51.528000000000006;24.41
Qwen/Qwen3.5-27B;Netherlands;Dutch;53.431999999999995;50.681999999999995;63.82000000000001
Qwen/Qwen3.5-27B;Kosovo;Serbian;64.65200000000002;64.65200000000002;34.81999999999999
Qwen/Qwen3.5-27B;Kosovo;Albanian;62.90799999999999;60.157999999999994;34.81999999999999
Qwen/Qwen3.5-27B;Latvia;Latvian;51.87;53.61999999999999;25.740000000000002
Qwen/Qwen3.5-27B;Liechtenstein;German;51.798;52.798;28.96
Qwen/Qwen3.5-27B;Lithuania;Lithuanian;71.558;71.558;24.090000000000003
Qwen/Qwen3.5-27B;Luxembourg;Luxembourgish;73.88400000000001;72.13400000000001;68.41
Qwen/Qwen3.5-27B;Luxembourg;German;51.798;52.798;68.41
Qwen/Qwen3.5-27B;Luxembourg;French;34.862;32.111999999999995;68.41
Qwen/Qwen3.5-27B;Malta;Maltese;66.408;63.658;88.83000000000003
Qwen/Qwen3.5-27B;Malta;English;26.666000000000004;28.416;88.83000000000003
Qwen/Qwen3.5-27B;Moldova;Romanian;61.228;60.228;38.41
Qwen/Qwen3.5-27B;Monaco;French;34.862;32.111999999999995;13.7
Qwen/Qwen3.5-27B;Montenegro;Montenegrin;0.0;0.0;49.279999999999994
Qwen/Qwen3.5-27B;North Macedonia;Macedonian;65.162;62.41200000000001;29.259999999999998
Qwen/Qwen3.5-27B;North Macedonia;Albanian;62.90799999999999;60.157999999999994;29.259999999999998
Qwen/Qwen3.5-27B;Norway;Bokmål;65.83800000000001;63.088;68.6
Qwen/Qwen3.5-27B;Poland;Polish;34.31400000000001;32.114000000000004;20.5
Qwen/Qwen3.5-27B;Portugal;Portuguese;49.158;49.158;66.99
Qwen/Qwen3.5-27B;Romania;Romanian;61.228;60.228;18.630000000000003
Qwen/Qwen3.5-27B;Russia;Russian;29.227999999999998;29.227999999999998;2.0
Qwen/Qwen3.5-27B;San Marino;Italian;51.528000000000006;51.528000000000006;14.97
Qwen/Qwen3.5-27B;Serbia;Serbian;64.65200000000002;64.65200000000002;35.25999999999999
Qwen/Qwen3.5-27B;Slovakia;Slovak;60.25200000000001;60.25200000000001;27.169999999999998
Qwen/Qwen3.5-27B;Slovenia;Slovene;53.06200000000001;51.312000000000005;50.28999999999999
Qwen/Qwen3.5-27B;Spain;Spanish;40.686000000000014;38.936000000000014;77.969411764702
Qwen/Qwen3.5-27B;Sweden;Swedish;63.94199999999999;62.19199999999999;66.07000000000001
Qwen/Qwen3.5-27B;Switzerland;Italian;51.528000000000006;51.528000000000006;50.11999999999999
Qwen/Qwen3.5-27B;Switzerland;German;51.798;52.798;50.11999999999999
Qwen/Qwen3.5-27B;Switzerland;French;34.862;32.111999999999995;50.11999999999999
Qwen/Qwen3.5-27B;Turkey;Turkish;42.102;42.102;4.75
Qwen/Qwen3.5-27B;Ukraine;Ukrainian;43.48799999999999;43.188;18.759999999999998
Qwen/Qwen3.5-27B;United Kingdom;English;26.666000000000004;28.416;45.64999999999999
meta-llama/Llama-3.2-3B;Albania;Albanian;47.916;47.916;35.449999999999996
meta-llama/Llama-3.2-3B;Andorra;Catalan;0.032;0.032;42.99999999999999
meta-llama/Llama-3.2-3B;Armenia;Armenian;21.209999999999997;20.91;9.16
meta-llama/Llama-3.2-3B;Austria;German;49.99500000000001;49.99500000000001;53.98369999999999
meta-llama/Llama-3.2-3B;Azerbaijan;Azerbaijani;49.99500000000001;49.99500000000001;2.25
meta-llama/Llama-3.2-3B;Belarus;Belarusian;9.309000000000001;10.134;10.16
meta-llama/Llama-3.2-3B;Belarus;Russian;32.724;31.723999999999997;10.16
meta-llama/Llama-3.2-3B;Belgium;Dutch;49.99500000000001;49.99500000000001;85.31000000000002
meta-llama/Llama-3.2-3B;Belgium;German;49.99500000000001;49.99500000000001;85.31000000000002
meta-llama/Llama-3.2-3B;Belgium;French;0.6000000000000001;0.6000000000000001;85.31000000000002
meta-llama/Llama-3.2-3B;Bosnia & Herzegovina;Bosnian;1.5560000000000003;1.5560000000000003;39.633537000000004
meta-llama/Llama-3.2-3B;Bosnia & Herzegovina;Serbian;32.690000000000005;33.065000000000005;39.633537000000004
meta-llama/Llama-3.2-3B;Bosnia & Herzegovina;Croatian;4.710000000000001;4.860000000000001;39.633537000000004
meta-llama/Llama-3.2-3B;Bulgaria;Bulgarian;17.932;18.006999999999994;21.259999999999998
meta-llama/Llama-3.2-3B;Croatia;Croatian;4.710000000000001;4.860000000000001;49.13999999999999
meta-llama/Llama-3.2-3B;Cyprus;Modern Greek;13.09;12.89;33.69
meta-llama/Llama-3.2-3B;Cyprus;Greek;13.09;12.89;33.69
meta-llama/Llama-3.2-3B;Cyprus;Turkish;0.0;0.0;33.69
meta-llama/Llama-3.2-3B;Czechia;Czech;4.768;4.768;33.17
meta-llama/Llama-3.2-3B;Denmark;Danish;33.396000000000015;34.196000000000005;80.10000000000002
meta-llama/Llama-3.2-3B;Estonia;Estonian;1.3110000000000004;1.3110000000000004;45.91
meta-llama/Llama-3.2-3B;Finland;Swedish;19.47;19.47;69.85000000000001
meta-llama/Llama-3.2-3B;Finland;Finnish;17.484000000000005;16.434000000000005;69.85000000000001
meta-llama/Llama-3.2-3B;France;French;0.6000000000000001;0.6000000000000001;61.38
meta-llama/Llama-3.2-3B;Georgia;Georgian;51.27;50.595000000000006;11.88
meta-llama/Llama-3.2-3B;Germany;German;49.99500000000001;49.99500000000001;69.09562499999998
meta-llama/Llama-3.2-3B;Greece;Modern Greek;13.09;12.89;69.18
meta-llama/Llama-3.2-3B;Greece;Greek;13.09;12.89;69.18
meta-llama/Llama-3.2-3B;Hungary;Hungarian;48.845000000000006;48.470000000000006;22.7
meta-llama/Llama-3.2-3B;Iceland;Icelandic;49.99500000000001;49.99500000000001;84.06000000000002
meta-llama/Llama-3.2-3B;Ireland;Irish;49.99500000000001;49.99500000000001;62.839999999999996
meta-llama/Llama-3.2-3B;Ireland;English;49.12400000000001;49.12400000000001;62.839999999999996
meta-llama/Llama-3.2-3B;Italy;Italian;3.532;4.232;24.41
meta-llama/Llama-3.2-3B;Netherlands;Dutch;49.99500000000001;49.99500000000001;63.82000000000001
meta-llama/Llama-3.2-3B;Kosovo;Serbian;32.690000000000005;33.065000000000005;34.81999999999999
meta-llama/Llama-3.2-3B;Kosovo;Albanian;47.916;47.916;34.81999999999999
meta-llama/Llama-3.2-3B;Latvia;Latvian;49.99500000000001;49.99500000000001;25.740000000000002
meta-llama/Llama-3.2-3B;Liechtenstein;German;49.99500000000001;49.99500000000001;28.96
meta-llama/Llama-3.2-3B;Lithuania;Lithuanian;11.736000000000004;11.136000000000005;24.090000000000003
meta-llama/Llama-3.2-3B;Luxembourg;Luxembourgish;49.99500000000001;49.99500000000001;68.41
meta-llama/Llama-3.2-3B;Luxembourg;German;49.99500000000001;49.99500000000001;68.41
meta-llama/Llama-3.2-3B;Luxembourg;French;0.6000000000000001;0.6000000000000001;68.41
meta-llama/Llama-3.2-3B;Malta;Maltese;49.99500000000001;49.99500000000001;88.83000000000003
meta-llama/Llama-3.2-3B;Malta;English;49.12400000000001;49.12400000000001;88.83000000000003
meta-llama/Llama-3.2-3B;Moldova;Romanian;10.378000000000002;10.378000000000002;38.41
meta-llama/Llama-3.2-3B;Monaco;French;0.6000000000000001;0.6000000000000001;13.7
meta-llama/Llama-3.2-3B;Montenegro;Montenegrin;49.99500000000001;49.99500000000001;49.279999999999994
meta-llama/Llama-3.2-3B;North Macedonia;Macedonian;16.275000000000002;16.125000000000004;29.259999999999998
meta-llama/Llama-3.2-3B;North Macedonia;Albanian;47.916;47.916;29.259999999999998
meta-llama/Llama-3.2-3B;Norway;Bokmål;1.8519999999999999;1.8519999999999999;68.6
meta-llama/Llama-3.2-3B;Poland;Polish;5.0;5.0;20.5
meta-llama/Llama-3.2-3B;Portugal;Portuguese;6.172000000000001;7.222000000000001;66.99
meta-llama/Llama-3.2-3B;Romania;Romanian;10.378000000000002;10.378000000000002;18.630000000000003
meta-llama/Llama-3.2-3B;Russia;Russian;32.724;31.723999999999997;2.0
meta-llama/Llama-3.2-3B;San Marino;Italian;3.532;4.232;14.97
meta-llama/Llama-3.2-3B;Serbia;Serbian;32.690000000000005;33.065000000000005;35.25999999999999
meta-llama/Llama-3.2-3B;Slovakia;Slovak;18.11;18.81;27.169999999999998
meta-llama/Llama-3.2-3B;Slovenia;Slovene;20.750000000000004;20.750000000000004;50.28999999999999
meta-llama/Llama-3.2-3B;Spain;Spanish;11.620000000000005;13.020000000000005;77.969411764702
meta-llama/Llama-3.2-3B;Sweden;Swedish;19.47;19.47;66.07000000000001
meta-llama/Llama-3.2-3B;Switzerland;Italian;3.532;4.232;50.11999999999999
meta-llama/Llama-3.2-3B;Switzerland;German;49.99500000000001;49.99500000000001;50.11999999999999
meta-llama/Llama-3.2-3B;Switzerland;French;0.6000000000000001;0.6000000000000001;50.11999999999999
meta-llama/Llama-3.2-3B;Turkey;Turkish;0.0;0.0;4.75
meta-llama/Llama-3.2-3B;Ukraine;Ukrainian;1.911;1.911;18.759999999999998
meta-llama/Llama-3.2-3B;United Kingdom;English;49.12400000000001;49.12400000000001;45.64999999999999
meta-llama/Llama-3.1-8B;Albania;Albanian;59.356;58.356;35.449999999999996
meta-llama/Llama-3.1-8B;Andorra;Catalan;37.34600000000001;39.09600000000001;42.99999999999999
meta-llama/Llama-3.1-8B;Armenia;Armenian;97.75000000000003;96.00000000000003;9.16
meta-llama/Llama-3.1-8B;Austria;German;49.99500000000001;49.99500000000001;53.98369999999999
meta-llama/Llama-3.1-8B;Azerbaijan;Azerbaijani;49.99500000000001;49.99500000000001;2.25
meta-llama/Llama-3.1-8B;Belarus;Belarusian;45.455000000000005;45.455000000000005;10.16
meta-llama/Llama-3.1-8B;Belarus;Russian;30.698;29.098000000000003;10.16
meta-llama/Llama-3.1-8B;Belgium;Dutch;49.99500000000001;49.99500000000001;85.31000000000002
meta-llama/Llama-3.1-8B;Belgium;German;49.99500000000001;49.99500000000001;85.31000000000002
meta-llama/Llama-3.1-8B;Belgium;French;16.918000000000006;14.168000000000003;85.31000000000002
meta-llama/Llama-3.1-8B;Bosnia & Herzegovina;Bosnian;14.242999999999997;14.017999999999999;39.633537000000004
meta-llama/Llama-3.1-8B;Bosnia & Herzegovina;Serbian;38.10900000000001;38.10900000000001;39.633537000000004
meta-llama/Llama-3.1-8B;Bosnia & Herzegovina;Croatian;45.73000000000001;46.48000000000001;39.633537000000004
meta-llama/Llama-3.1-8B;Bulgaria;Bulgarian;39.510000000000005;39.11000000000001;21.259999999999998
meta-llama/Llama-3.1-8B;Croatia;Croatian;45.73000000000001;46.48000000000001;49.13999999999999
meta-llama/Llama-3.1-8B;Cyprus;Modern Greek;82.25000000000001;79.50000000000001;33.69
meta-llama/Llama-3.1-8B;Cyprus;Greek;82.25000000000001;79.50000000000001;33.69
meta-llama/Llama-3.1-8B;Cyprus;Turkish;13.077999999999998;12.477999999999998;33.69
meta-llama/Llama-3.1-8B;Czechia;Czech;20.23;21.279999999999998;33.17
meta-llama/Llama-3.1-8B;Denmark;Danish;70.20200000000001;70.20200000000001;80.10000000000002
meta-llama/Llama-3.1-8B;Estonia;Estonian;36.13800000000001;37.338000000000015;45.91
meta-llama/Llama-3.1-8B;Finland;Swedish;60.23000000000002;60.23000000000002;69.85000000000001
meta-llama/Llama-3.1-8B;Finland;Finnish;37.65500000000001;37.65500000000001;69.85000000000001
meta-llama/Llama-3.1-8B;France;French;16.918000000000006;14.168000000000003;61.38
meta-llama/Llama-3.1-8B;Georgia;Georgian;27.937999999999995;26.287999999999997;11.88
meta-llama/Llama-3.1-8B;Germany;German;49.99500000000001;49.99500000000001;69.09562499999998
meta-llama/Llama-3.1-8B;Greece;Modern Greek;82.25000000000001;79.50000000000001;69.18
meta-llama/Llama-3.1-8B;Greece;Greek;82.25000000000001;79.50000000000001;69.18
meta-llama/Llama-3.1-8B;Hungary;Hungarian;48.845000000000006;48.470000000000006;22.7
meta-llama/Llama-3.1-8B;Iceland;Icelandic;49.99500000000001;49.99500000000001;84.06000000000002
meta-llama/Llama-3.1-8B;Ireland;Irish;49.99500000000001;49.99500000000001;62.839999999999996
meta-llama/Llama-3.1-8B;Ireland;English;64.05000000000003;63.300000000000026;62.839999999999996
meta-llama/Llama-3.1-8B;Italy;Italian;56.98200000000001;55.23200000000001;24.41
meta-llama/Llama-3.1-8B;Netherlands;Dutch;49.99500000000001;49.99500000000001;63.82000000000001
meta-llama/Llama-3.1-8B;Kosovo;Serbian;38.10900000000001;38.10900000000001;34.81999999999999
meta-llama/Llama-3.1-8B;Kosovo;Albanian;59.356;58.356;34.81999999999999
meta-llama/Llama-3.1-8B;Latvia;Latvian;49.99500000000001;49.99500000000001;25.740000000000002
meta-llama/Llama-3.1-8B;Liechtenstein;German;49.99500000000001;49.99500000000001;28.96
meta-llama/Llama-3.1-8B;Lithuania;Lithuanian;50.35600000000001;50.35600000000001;24.090000000000003
meta-llama/Llama-3.1-8B;Luxembourg;Luxembourgish;49.99500000000001;49.99500000000001;68.41
meta-llama/Llama-3.1-8B;Luxembourg;German;49.99500000000001;49.99500000000001;68.41
meta-llama/Llama-3.1-8B;Luxembourg;French;16.918000000000006;14.168000000000003;68.41
meta-llama/Llama-3.1-8B;Malta;Maltese;18.03;18.03;88.83000000000003
meta-llama/Llama-3.1-8B;Malta;English;64.05000000000003;63.300000000000026;88.83000000000003
meta-llama/Llama-3.1-8B;Moldova;Romanian;60.30200000000001;57.55200000000001;38.41
meta-llama/Llama-3.1-8B;Monaco;French;16.918000000000006;14.168000000000003;13.7
meta-llama/Llama-3.1-8B;Montenegro;Montenegrin;49.99500000000001;49.99500000000001;49.279999999999994
meta-llama/Llama-3.1-8B;North Macedonia;Macedonian;30.028;30.028;29.259999999999998
meta-llama/Llama-3.1-8B;North Macedonia;Albanian;59.356;58.356;29.259999999999998
meta-llama/Llama-3.1-8B;Norway;Bokmål;39.998;39.19799999999999;68.6
meta-llama/Llama-3.1-8B;Poland;Polish;46.308000000000014;44.108000000000025;20.5
meta-llama/Llama-3.1-8B;Portugal;Portuguese;43.45600000000002;43.45600000000002;66.99
meta-llama/Llama-3.1-8B;Romania;Romanian;60.30200000000001;57.55200000000001;18.630000000000003
meta-llama/Llama-3.1-8B;Russia;Russian;30.698;29.098000000000003;2.0
meta-llama/Llama-3.1-8B;San Marino;Italian;56.98200000000001;55.23200000000001;14.97
meta-llama/Llama-3.1-8B;Serbia;Serbian;38.10900000000001;38.10900000000001;35.25999999999999
meta-llama/Llama-3.1-8B;Slovakia;Slovak;5.922000000000001;5.622000000000001;27.169999999999998
meta-llama/Llama-3.1-8B;Slovenia;Slovene;27.928000000000008;28.678000000000008;50.28999999999999
meta-llama/Llama-3.1-8B;Spain;Spanish;45.331999999999994;43.58199999999999;77.969411764702
meta-llama/Llama-3.1-8B;Sweden;Swedish;60.23000000000002;60.23000000000002;66.07000000000001
meta-llama/Llama-3.1-8B;Switzerland;Italian;56.98200000000001;55.23200000000001;50.11999999999999
meta-llama/Llama-3.1-8B;Switzerland;German;49.99500000000001;49.99500000000001;50.11999999999999
meta-llama/Llama-3.1-8B;Switzerland;French;16.918000000000006;14.168000000000003;50.11999999999999
meta-llama/Llama-3.1-8B;Turkey;Turkish;13.077999999999998;12.477999999999998;4.75
meta-llama/Llama-3.1-8B;Ukraine;Ukrainian;66.86599999999999;66.86599999999999;18.759999999999998
meta-llama/Llama-3.1-8B;United Kingdom;English;64.05000000000003;63.300000000000026;45.64999999999999
meta-llama/Llama-3.1-70B;Albania;Albanian;68.19800000000001;68.19800000000001;35.449999999999996
meta-llama/Llama-3.1-70B;Andorra;Catalan;79.87000000000002;78.12000000000002;42.99999999999999
meta-llama/Llama-3.1-70B;Armenia;Armenian;59.884;58.134;9.16
meta-llama/Llama-3.1-70B;Austria;German;49.99500000000001;49.99500000000001;53.98369999999999
meta-llama/Llama-3.1-70B;Azerbaijan;Azerbaijani;49.99500000000001;49.99500000000001;2.25
meta-llama/Llama-3.1-70B;Belarus;Belarusian;84.717;84.717;10.16
meta-llama/Llama-3.1-70B;Belarus;Russian;70.45400000000002;71.20400000000002;10.16
meta-llama/Llama-3.1-70B;Belgium;Dutch;49.99500000000001;49.99500000000001;85.31000000000002
meta-llama/Llama-3.1-70B;Belgium;German;49.99500000000001;49.99500000000001;85.31000000000002
meta-llama/Llama-3.1-70B;Belgium;French;27.796000000000003;25.045999999999996;85.31000000000002
meta-llama/Llama-3.1-70B;Bosnia & Herzegovina;Bosnian;40.67399999999999;40.67399999999999;39.633537000000004
meta-llama/Llama-3.1-70B;Bosnia & Herzegovina;Serbian;40.077;38.327;39.633537000000004
meta-llama/Llama-3.1-70B;Bosnia & Herzegovina;Croatian;43.300000000000004;43.300000000000004;39.633537000000004
meta-llama/Llama-3.1-70B;Bulgaria;Bulgarian;45.232000000000006;42.482000000000006;21.259999999999998
meta-llama/Llama-3.1-70B;Croatia;Croatian;43.300000000000004;43.300000000000004;49.13999999999999
meta-llama/Llama-3.1-70B;Cyprus;Modern Greek;71.63400000000003;69.88400000000003;33.69
meta-llama/Llama-3.1-70B;Cyprus;Greek;71.63400000000003;69.88400000000003;33.69
meta-llama/Llama-3.1-70B;Cyprus;Turkish;33.592;32.842000000000006;33.69
meta-llama/Llama-3.1-70B;Czechia;Czech;56.74800000000001;53.99800000000001;33.17
meta-llama/Llama-3.1-70B;Denmark;Danish;74.076;72.326;80.10000000000002
meta-llama/Llama-3.1-70B;Estonia;Estonian;56.14200000000002;56.14200000000002;45.91
meta-llama/Llama-3.1-70B;Finland;Swedish;77.726;75.97600000000001;69.85000000000001
meta-llama/Llama-3.1-70B;Finland;Finnish;75.51400000000005;73.76400000000005;69.85000000000001
meta-llama/Llama-3.1-70B;France;French;27.796000000000003;25.045999999999996;61.38
meta-llama/Llama-3.1-70B;Georgia;Georgian;39.626;39.626;11.88
meta-llama/Llama-3.1-70B;Germany;German;49.99500000000001;49.99500000000001;69.09562499999998
meta-llama/Llama-3.1-70B;Greece;Modern Greek;71.63400000000003;69.88400000000003;69.18
meta-llama/Llama-3.1-70B;Greece;Greek;71.63400000000003;69.88400000000003;69.18
meta-llama/Llama-3.1-70B;Hungary;Hungarian;48.845000000000006;48.470000000000006;22.7
meta-llama/Llama-3.1-70B;Iceland;Icelandic;49.99500000000001;49.99500000000001;84.06000000000002
meta-llama/Llama-3.1-70B;Ireland;Irish;49.99500000000001;49.99500000000001;62.839999999999996
meta-llama/Llama-3.1-70B;Ireland;English;51.39;52.14;62.839999999999996
meta-llama/Llama-3.1-70B;Italy;Italian;51.55799999999999;51.55799999999999;24.41
meta-llama/Llama-3.1-70B;Netherlands;Dutch;49.99500000000001;49.99500000000001;63.82000000000001
meta-llama/Llama-3.1-70B;Kosovo;Serbian;40.077;38.327;34.81999999999999
meta-llama/Llama-3.1-70B;Kosovo;Albanian;68.19800000000001;68.19800000000001;34.81999999999999
meta-llama/Llama-3.1-70B;Latvia;Latvian;49.99500000000001;49.99500000000001;25.740000000000002
meta-llama/Llama-3.1-70B;Liechtenstein;German;49.99500000000001;49.99500000000001;28.96
meta-llama/Llama-3.1-70B;Lithuania;Lithuanian;70.15600000000002;68.406;24.090000000000003
meta-llama/Llama-3.1-70B;Luxembourg;Luxembourgish;49.99500000000001;49.99500000000001;68.41
meta-llama/Llama-3.1-70B;Luxembourg;German;49.99500000000001;49.99500000000001;68.41
meta-llama/Llama-3.1-70B;Luxembourg;French;27.796000000000003;25.045999999999996;68.41
meta-llama/Llama-3.1-70B;Malta;Maltese;35.79900000000001;34.424;88.83000000000003
meta-llama/Llama-3.1-70B;Malta;English;51.39;52.14;88.83000000000003
meta-llama/Llama-3.1-70B;Moldova;Romanian;56.638;54.638;38.41
meta-llama/Llama-3.1-70B;Monaco;French;27.796000000000003;25.045999999999996;13.7
meta-llama/Llama-3.1-70B;Montenegro;Montenegrin;49.99500000000001;49.99500000000001;49.279999999999994
meta-llama/Llama-3.1-70B;North Macedonia;Macedonian;40.182;40.182;29.259999999999998
meta-llama/Llama-3.1-70B;North Macedonia;Albanian;68.19800000000001;68.19800000000001;29.259999999999998
meta-llama/Llama-3.1-70B;Norway;Bokmål;77.48400000000002;75.73400000000002;68.6
meta-llama/Llama-3.1-70B;Poland;Polish;61.245999999999995;61.245999999999995;20.5
meta-llama/Llama-3.1-70B;Portugal;Portuguese;68.81200000000003;67.06200000000001;66.99
meta-llama/Llama-3.1-70B;Romania;Romanian;56.638;54.638;18.630000000000003
meta-llama/Llama-3.1-70B;Russia;Russian;70.45400000000002;71.20400000000002;2.0
meta-llama/Llama-3.1-70B;San Marino;Italian;51.55799999999999;51.55799999999999;14.97
meta-llama/Llama-3.1-70B;Serbia;Serbian;40.077;38.327;35.25999999999999
meta-llama/Llama-3.1-70B;Slovakia;Slovak;39.67200000000001;36.922000000000004;27.169999999999998
meta-llama/Llama-3.1-70B;Slovenia;Slovene;37.786;37.786;50.28999999999999
meta-llama/Llama-3.1-70B;Spain;Spanish;71.29800000000002;69.54800000000002;77.969411764702
meta-llama/Llama-3.1-70B;Sweden;Swedish;77.726;75.97600000000001;66.07000000000001
meta-llama/Llama-3.1-70B;Switzerland;Italian;51.55799999999999;51.55799999999999;50.11999999999999
meta-llama/Llama-3.1-70B;Switzerland;German;49.99500000000001;49.99500000000001;50.11999999999999
meta-llama/Llama-3.1-70B;Switzerland;French;27.796000000000003;25.045999999999996;50.11999999999999
meta-llama/Llama-3.1-70B;Turkey;Turkish;33.592;32.842000000000006;4.75
meta-llama/Llama-3.1-70B;Ukraine;Ukrainian;43.930000000000014;43.330000000000005;18.759999999999998
meta-llama/Llama-3.1-70B;United Kingdom;English;51.39;52.14;45.64999999999999
deepseek-chat;Albania;Albanian;33.934;32.184;35.449999999999996
deepseek-chat;Andorra;Catalan;71.26600000000002;68.51600000000002;42.99999999999999
deepseek-chat;Armenia;Armenian;27.479999999999997;27.479999999999997;9.16
deepseek-chat;Austria;German;73.38000000000002;71.63000000000002;53.98369999999999
deepseek-chat;Azerbaijan;Azerbaijani;51.03399999999999;51.03399999999999;2.25
deepseek-chat;Belarus;Belarusian;20.77;20.77;10.16
deepseek-chat;Belarus;Russian;46.63;47.330000000000005;10.16
deepseek-chat;Belgium;Dutch;67.804;65.054;85.31000000000002
deepseek-chat;Belgium;German;73.38000000000002;71.63000000000002;85.31000000000002
deepseek-chat;Belgium;French;45.84400000000001;43.09400000000001;85.31000000000002
deepseek-chat;Bosnia & Herzegovina;Bosnian;67.95400000000004;65.20400000000002;39.633537000000004
deepseek-chat;Bosnia & Herzegovina;Serbian;43.382000000000005;40.632000000000005;39.633537000000004
deepseek-chat;Bosnia & Herzegovina;Croatian;65.66600000000001;65.66600000000001;39.633537000000004
deepseek-chat;Bulgaria;Bulgarian;47.712;44.962;21.259999999999998
deepseek-chat;Croatia;Croatian;65.66600000000001;65.66600000000001;49.13999999999999
deepseek-chat;Cyprus;Modern Greek;44.61399999999999;45.61399999999999;33.69
deepseek-chat;Cyprus;Greek;44.61399999999999;45.61399999999999;33.69
deepseek-chat;Cyprus;Turkish;26.869999999999997;26.869999999999997;33.69
deepseek-chat;Czechia;Czech;57.608000000000004;54.858000000000004;33.17
deepseek-chat;Denmark;Danish;53.072;50.321999999999996;80.10000000000002
deepseek-chat;Estonia;Estonian;58.712;58.712;45.91
deepseek-chat;Finland;Swedish;58.842000000000006;58.842000000000006;69.85000000000001
deepseek-chat;Finland;Finnish;60.186;58.436;69.85000000000001
deepseek-chat;France;French;45.84400000000001;43.09400000000001;61.38
deepseek-chat;Georgia;Georgian;36.72400000000001;36.72400000000001;11.88
deepseek-chat;Germany;German;73.38000000000002;71.63000000000002;69.09562499999998
deepseek-chat;Greece;Modern Greek;44.61399999999999;45.61399999999999;69.18
deepseek-chat;Greece;Greek;44.61399999999999;45.61399999999999;69.18
deepseek-chat;Hungary;Hungarian;54.5;56.699999999999996;22.7
deepseek-chat;Iceland;Icelandic;60.629999999999995;57.879999999999995;84.06000000000002
deepseek-chat;Ireland;Irish;25.968000000000004;26.318;62.839999999999996
deepseek-chat;Ireland;English;66.352;66.352;62.839999999999996
deepseek-chat;Italy;Italian;67.86600000000001;66.86600000000001;24.41
deepseek-chat;Netherlands;Dutch;67.804;65.054;63.82000000000001
deepseek-chat;Kosovo;Serbian;43.382000000000005;40.632000000000005;34.81999999999999
deepseek-chat;Kosovo;Albanian;33.934;32.184;34.81999999999999
deepseek-chat;Latvia;Latvian;46.434;48.184;25.740000000000002
deepseek-chat;Liechtenstein;German;73.38000000000002;71.63000000000002;28.96
deepseek-chat;Lithuania;Lithuanian;40.92199999999999;40.92199999999999;24.090000000000003
deepseek-chat;Luxembourg;Luxembourgish;82.90600000000002;81.15600000000003;68.41
deepseek-chat;Luxembourg;German;73.38000000000002;71.63000000000002;68.41
deepseek-chat;Luxembourg;French;45.84400000000001;43.09400000000001;68.41
deepseek-chat;Malta;Maltese;35.413000000000004;34.038000000000004;88.83000000000003
deepseek-chat;Malta;English;66.352;66.352;88.83000000000003
deepseek-chat;Moldova;Romanian;21.808000000000003;21.458000000000006;38.41
deepseek-chat;Monaco;French;45.84400000000001;43.09400000000001;13.7
deepseek-chat;Montenegro;Montenegrin;81.38200000000003;81.38200000000003;49.279999999999994
deepseek-chat;North Macedonia;Macedonian;46.971999999999994;45.221999999999994;29.259999999999998
deepseek-chat;North Macedonia;Albanian;33.934;32.184;29.259999999999998
deepseek-chat;Norway;Bokmål;63.742;61.992;68.6
deepseek-chat;Poland;Polish;41.995999999999995;40.245999999999995;20.5
deepseek-chat;Portugal;Portuguese;62.44400000000001;63.19400000000001;66.99
deepseek-chat;Romania;Romanian;21.808000000000003;21.458000000000006;18.630000000000003
deepseek-chat;Russia;Russian;46.63;47.330000000000005;2.0
deepseek-chat;San Marino;Italian;67.86600000000001;66.86600000000001;14.97
deepseek-chat;Serbia;Serbian;43.382000000000005;40.632000000000005;35.25999999999999
deepseek-chat;Slovakia;Slovak;54.96600000000001;52.216;27.169999999999998
deepseek-chat;Slovenia;Slovene;68.19800000000002;68.19800000000002;50.28999999999999
deepseek-chat;Spain;Spanish;68.648;66.898;77.969411764702
deepseek-chat;Sweden;Swedish;58.842000000000006;58.842000000000006;66.07000000000001
deepseek-chat;Switzerland;Italian;67.86600000000001;66.86600000000001;50.11999999999999
deepseek-chat;Switzerland;German;73.38000000000002;71.63000000000002;50.11999999999999
deepseek-chat;Switzerland;French;45.84400000000001;43.09400000000001;50.11999999999999
deepseek-chat;Turkey;Turkish;26.869999999999997;26.869999999999997;4.75
deepseek-chat;Ukraine;Ukrainian;19.292;19.292;18.759999999999998
deepseek-chat;United Kingdom;English;66.352;66.352;45.64999999999999
claude-sonnet-4-6;Albania;Albanian;31.586;28.836;35.449999999999996
claude-sonnet-4-6;Andorra;Catalan;60.459;57.708999999999996;42.99999999999999
claude-sonnet-4-6;Armenia;Armenian;17.130000000000003;16.255000000000003;9.16
claude-sonnet-4-6;Austria;German;39.996;39.996;53.98369999999999
claude-sonnet-4-6;Azerbaijan;Azerbaijani;13.417000000000002;13.042000000000002;2.25
claude-sonnet-4-6;Belarus;Belarusian;30.614999999999995;30.614999999999995;10.16
claude-sonnet-4-6;Belarus;Russian;36.079;36.079;10.16
claude-sonnet-4-6;Belgium;Dutch;39.885999999999996;39.885999999999996;85.31000000000002
claude-sonnet-4-6;Belgium;German;39.996;39.996;85.31000000000002
claude-sonnet-4-6;Belgium;French;26.205999999999996;23.455999999999996;85.31000000000002
claude-sonnet-4-6;Bosnia & Herzegovina;Bosnian;36.03999999999999;34.28999999999999;39.633537000000004
claude-sonnet-4-6;Bosnia & Herzegovina;Serbian;42.361999999999995;42.361999999999995;39.633537000000004
claude-sonnet-4-6;Bosnia & Herzegovina;Croatian;34.03999999999999;34.03999999999999;39.633537000000004
claude-sonnet-4-6;Bulgaria;Bulgarian;22.759999999999998;20.009999999999998;21.259999999999998
claude-sonnet-4-6;Croatia;Croatian;34.03999999999999;34.03999999999999;49.13999999999999
claude-sonnet-4-6;Cyprus;Modern Greek;47.23199999999999;48.23199999999999;33.69
claude-sonnet-4-6;Cyprus;Greek;47.23199999999999;48.23199999999999;33.69
claude-sonnet-4-6;Cyprus;Turkish;21.509;21.134;33.69
claude-sonnet-4-6;Czechia;Czech;43.315999999999995;40.565999999999995;33.17
claude-sonnet-4-6;Denmark;Danish;41.80400000000001;40.05400000000001;80.10000000000002
claude-sonnet-4-6;Estonia;Estonian;38.10999999999999;38.10999999999999;45.91
claude-sonnet-4-6;Finland;Swedish;48.615;47.865;69.85000000000001
claude-sonnet-4-6;Finland;Finnish;38.92799999999999;37.178;69.85000000000001
claude-sonnet-4-6;France;French;26.205999999999996;23.455999999999996;61.38
claude-sonnet-4-6;Georgia;Georgian;27.595;26.22;11.88
claude-sonnet-4-6;Germany;German;39.996;39.996;69.09562499999998
claude-sonnet-4-6;Greece;Modern Greek;47.23199999999999;48.23199999999999;69.18
claude-sonnet-4-6;Greece;Greek;47.23199999999999;48.23199999999999;69.18
claude-sonnet-4-6;Hungary;Hungarian;35.160000000000004;35.160000000000004;22.7
claude-sonnet-4-6;Iceland;Icelandic;52.232;50.232000000000006;84.06000000000002
claude-sonnet-4-6;Ireland;Irish;37.72999999999999;38.47999999999999;62.839999999999996
claude-sonnet-4-6;Ireland;English;28.343999999999998;28.343999999999998;62.839999999999996
claude-sonnet-4-6;Italy;Italian;31.785;31.785;24.41
claude-sonnet-4-6;Netherlands;Dutch;39.885999999999996;39.885999999999996;63.82000000000001
claude-sonnet-4-6;Kosovo;Serbian;42.361999999999995;42.361999999999995;34.81999999999999
claude-sonnet-4-6;Kosovo;Albanian;31.586;28.836;34.81999999999999
claude-sonnet-4-6;Latvia;Latvian;35.074;37.824;25.740000000000002
claude-sonnet-4-6;Liechtenstein;German;39.996;39.996;28.96
claude-sonnet-4-6;Lithuania;Lithuanian;35.56599999999999;34.815999999999995;24.090000000000003
claude-sonnet-4-6;Luxembourg;Luxembourgish;66.45000000000002;66.45000000000002;68.41
claude-sonnet-4-6;Luxembourg;German;39.996;39.996;68.41
claude-sonnet-4-6;Luxembourg;French;26.205999999999996;23.455999999999996;68.41
claude-sonnet-4-6;Malta;Maltese;21.138;19.762999999999998;88.83000000000003
claude-sonnet-4-6;Malta;English;28.343999999999998;28.343999999999998;88.83000000000003
claude-sonnet-4-6;Moldova;Romanian;32.668;32.668;38.41
claude-sonnet-4-6;Monaco;French;26.205999999999996;23.455999999999996;13.7
claude-sonnet-4-6;Montenegro;Montenegrin;79.82899999999998;79.82899999999998;49.279999999999994
claude-sonnet-4-6;North Macedonia;Macedonian;45.339999999999996;42.589999999999996;29.259999999999998
claude-sonnet-4-6;North Macedonia;Albanian;31.586;28.836;29.259999999999998
claude-sonnet-4-6;Norway;Bokmål;50.62200000000001;48.87200000000001;68.6
claude-sonnet-4-6;Poland;Polish;29.798;29.798;20.5
claude-sonnet-4-6;Portugal;Portuguese;39.937;39.937;66.99
claude-sonnet-4-6;Romania;Romanian;32.668;32.668;18.630000000000003
claude-sonnet-4-6;Russia;Russian;36.079;36.079;2.0
claude-sonnet-4-6;San Marino;Italian;31.785;31.785;14.97
claude-sonnet-4-6;Serbia;Serbian;42.361999999999995;42.361999999999995;35.25999999999999
claude-sonnet-4-6;Slovakia;Slovak;44.35;43.35;27.169999999999998
claude-sonnet-4-6;Slovenia;Slovene;38.038;38.038;50.28999999999999
claude-sonnet-4-6;Spain;Spanish;29.469999999999995;26.719999999999995;77.969411764702
claude-sonnet-4-6;Sweden;Swedish;48.615;47.865;66.07000000000001
claude-sonnet-4-6;Switzerland;Italian;31.785;31.785;50.11999999999999
claude-sonnet-4-6;Switzerland;German;39.996;39.996;50.11999999999999
claude-sonnet-4-6;Switzerland;French;26.205999999999996;23.455999999999996;50.11999999999999
claude-sonnet-4-6;Turkey;Turkish;21.509;21.134;4.75
claude-sonnet-4-6;Ukraine;Ukrainian;29.159999999999997;29.359999999999992;18.759999999999998
claude-sonnet-4-6;United Kingdom;English;28.343999999999998;28.343999999999998;45.64999999999999
gpt-5.4;Albania;Albanian;73.544;70.79400000000001;35.449999999999996
gpt-5.4;Andorra;Catalan;86.244;83.494;42.99999999999999
gpt-5.4;Armenia;Armenian;64.60999999999999;62.85999999999998;9.16
gpt-5.4;Austria;German;81.59600000000002;79.84600000000002;53.98369999999999
gpt-5.4;Azerbaijan;Azerbaijani;61.89200000000001;61.89200000000001;2.25
gpt-5.4;Belarus;Belarusian;63.06400000000001;63.06400000000001;10.16
gpt-5.4;Belarus;Russian;69.20400000000001;69.20400000000001;10.16
gpt-5.4;Belgium;Dutch;72.24400000000001;69.49400000000001;85.31000000000002
gpt-5.4;Belgium;German;81.59600000000002;79.84600000000002;85.31000000000002
gpt-5.4;Belgium;French;80.67800000000001;77.92800000000001;85.31000000000002
gpt-5.4;Bosnia & Herzegovina;Bosnian;76.41200000000002;76.41200000000002;39.633537000000004
gpt-5.4;Bosnia & Herzegovina;Serbian;75.59600000000002;72.84600000000002;39.633537000000004
gpt-5.4;Bosnia & Herzegovina;Croatian;77.96600000000002;77.96600000000002;39.633537000000004
gpt-5.4;Bulgaria;Bulgarian;55.01;52.260000000000005;21.259999999999998
gpt-5.4;Croatia;Croatian;77.96600000000002;77.96600000000002;49.13999999999999
gpt-5.4;Cyprus;Modern Greek;81.956;80.20599999999999;33.69
gpt-5.4;Cyprus;Greek;81.956;80.20599999999999;33.69
gpt-5.4;Cyprus;Turkish;68.052;68.052;33.69
gpt-5.4;Czechia;Czech;77.68399999999998;74.93399999999998;33.17
gpt-5.4;Denmark;Danish;84.65800000000003;81.90800000000003;80.10000000000002
gpt-5.4;Estonia;Estonian;68.47200000000001;68.47200000000001;45.91
gpt-5.4;Finland;Swedish;76.39200000000002;76.39200000000002;69.85000000000001
gpt-5.4;Finland;Finnish;62.0;60.25000000000001;69.85000000000001
gpt-5.4;France;French;80.67800000000001;77.92800000000001;61.38
gpt-5.4;Georgia;Georgian;67.848;67.848;11.88
gpt-5.4;Germany;German;81.59600000000002;79.84600000000002;69.09562499999998
gpt-5.4;Greece;Modern Greek;81.956;80.20599999999999;69.18
gpt-5.4;Greece;Greek;81.956;80.20599999999999;69.18
gpt-5.4;Hungary;Hungarian;72.95800000000001;74.708;22.7
gpt-5.4;Iceland;Icelandic;76.92000000000002;76.92000000000002;84.06000000000002
gpt-5.4;Ireland;Irish;72.56000000000002;71.81000000000002;62.839999999999996
gpt-5.4;Ireland;English;74.87;74.87;62.839999999999996
gpt-5.4;Italy;Italian;74.99000000000002;72.24000000000002;24.41
gpt-5.4;Netherlands;Dutch;72.24400000000001;69.49400000000001;63.82000000000001
gpt-5.4;Kosovo;Serbian;75.59600000000002;72.84600000000002;34.81999999999999
gpt-5.4;Kosovo;Albanian;73.544;70.79400000000001;34.81999999999999
gpt-5.4;Latvia;Latvian;68.69000000000001;68.69000000000001;25.740000000000002
gpt-5.4;Liechtenstein;German;81.59600000000002;79.84600000000002;28.96
gpt-5.4;Lithuania;Lithuanian;73.55600000000003;71.80600000000003;24.090000000000003
gpt-5.4;Luxembourg;Luxembourgish;68.10000000000002;68.10000000000002;68.41
gpt-5.4;Luxembourg;German;81.59600000000002;79.84600000000002;68.41
gpt-5.4;Luxembourg;French;80.67800000000001;77.92800000000001;68.41
gpt-5.4;Malta;Maltese;42.512000000000015;41.137000000000015;88.83000000000003
gpt-5.4;Malta;English;74.87;74.87;88.83000000000003
gpt-5.4;Moldova;Romanian;73.534;74.284;38.41
gpt-5.4;Monaco;French;80.67800000000001;77.92800000000001;13.7
gpt-5.4;Montenegro;Montenegrin;12.626000000000001;12.076000000000002;49.279999999999994
gpt-5.4;North Macedonia;Macedonian;58.27400000000001;58.27400000000001;29.259999999999998
gpt-5.4;North Macedonia;Albanian;73.544;70.79400000000001;29.259999999999998
gpt-5.4;Norway;Bokmål;73.62;71.87;68.6
gpt-5.4;Poland;Polish;77.70200000000001;74.95200000000001;20.5
gpt-5.4;Portugal;Portuguese;72.75600000000001;72.75600000000001;66.99
gpt-5.4;Romania;Romanian;73.534;74.284;18.630000000000003
gpt-5.4;Russia;Russian;69.20400000000001;69.20400000000001;2.0
gpt-5.4;San Marino;Italian;74.99000000000002;72.24000000000002;14.97
gpt-5.4;Serbia;Serbian;75.59600000000002;72.84600000000002;35.25999999999999
gpt-5.4;Slovakia;Slovak;73.236;70.486;27.169999999999998
gpt-5.4;Slovenia;Slovene;79.85800000000002;78.10800000000002;50.28999999999999
gpt-5.4;Spain;Spanish;81.41400000000003;79.66400000000003;77.969411764702
gpt-5.4;Sweden;Swedish;76.39200000000002;76.39200000000002;66.07000000000001
gpt-5.4;Switzerland;Italian;74.99000000000002;72.24000000000002;50.11999999999999
gpt-5.4;Switzerland;German;81.59600000000002;79.84600000000002;50.11999999999999
gpt-5.4;Switzerland;French;80.67800000000001;77.92800000000001;50.11999999999999
gpt-5.4;Turkey;Turkish;68.052;68.052;4.75
gpt-5.4;Ukraine;Ukrainian;67.34200000000001;66.59200000000001;18.759999999999998
gpt-5.4;United Kingdom;English;74.87;74.87;45.64999999999999
gemini-3-flash-preview;Andorra;Catalan;79.07000000000001;80.82;42.99999999999999
gemini-3-flash-preview;Armenia;Armenian;45.525999999999996;45.82599999999999;9.16
gemini-3-flash-preview;Austria;German;72.554;70.804;53.98369999999999
gemini-3-flash-preview;Azerbaijan;Azerbaijani;31.214;31.214;2.25
gemini-3-flash-preview;Belarus;Belarusian;36.4;36.4;10.16
gemini-3-flash-preview;Belarus;Russian;59.244000000000014;59.994000000000014;10.16
gemini-3-flash-preview;Belgium;Dutch;62.280000000000015;62.280000000000015;85.31000000000002
gemini-3-flash-preview;Belgium;German;72.554;70.804;85.31000000000002
gemini-3-flash-preview;Belgium;French;64.80900000000003;66.55900000000003;85.31000000000002
gemini-3-flash-preview;Bosnia & Herzegovina;Bosnian;61.64300000000001;64.393;39.633537000000004
gemini-3-flash-preview;Bosnia & Herzegovina;Serbian;62.378000000000014;62.378000000000014;39.633537000000004
gemini-3-flash-preview;Bosnia & Herzegovina;Croatian;64.47;65.22;39.633537000000004
gemini-3-flash-preview;Bulgaria;Bulgarian;44.93;44.93;21.259999999999998
gemini-3-flash-preview;Croatia;Croatian;64.47;65.22;49.13999999999999
gemini-3-flash-preview;Cyprus;Modern Greek;76.58100000000003;76.58100000000003;33.69
gemini-3-flash-preview;Cyprus;Greek;76.58100000000003;76.58100000000003;33.69
gemini-3-flash-preview;Cyprus;Turkish;28.713;28.713;33.69
gemini-3-flash-preview;Czechia;Czech;52.04600000000001;53.796000000000014;33.17
gemini-3-flash-preview;Denmark;Danish;71.19400000000002;71.94400000000002;80.10000000000002
gemini-3-flash-preview;Estonia;Estonian;61.051;61.80100000000001;45.91
gemini-3-flash-preview;Finland;Swedish;62.742;63.492;69.85000000000001
gemini-3-flash-preview;Finland;Finnish;71.64000000000001;70.89000000000001;69.85000000000001
gemini-3-flash-preview;France;French;64.80900000000003;66.55900000000003;61.38
gemini-3-flash-preview;Georgia;Georgian;54.331;54.331;11.88
gemini-3-flash-preview;Germany;German;72.554;70.804;69.09562499999998
gemini-3-flash-preview;Greece;Modern Greek;76.58100000000003;76.58100000000003;69.18
gemini-3-flash-preview;Greece;Greek;76.58100000000003;76.58100000000003;69.18
gemini-3-flash-preview;Hungary;Hungarian;54.68100000000001;56.43100000000002;22.7
gemini-3-flash-preview;Iceland;Icelandic;77.65200000000002;76.65200000000002;84.06000000000002
gemini-3-flash-preview;Ireland;Irish;59.74000000000001;56.99000000000001;62.839999999999996
gemini-3-flash-preview;Ireland;English;57.98299999999999;59.20799999999999;62.839999999999996
gemini-3-flash-preview;Italy;Italian;45.688;47.438;24.41
gemini-3-flash-preview;Netherlands;Dutch;62.280000000000015;62.280000000000015;63.82000000000001
gemini-3-flash-preview;Kosovo;Serbian;62.378000000000014;62.378000000000014;34.81999999999999
gemini-3-flash-preview;Latvia;Latvian;45.76400000000001;43.01400000000001;25.740000000000002
gemini-3-flash-preview;Liechtenstein;German;72.554;70.804;28.96
gemini-3-flash-preview;Lithuania;Lithuanian;48.13399999999999;48.13399999999999;24.090000000000003
gemini-3-flash-preview;Luxembourg;German;72.554;70.804;68.41
gemini-3-flash-preview;Luxembourg;French;64.80900000000003;66.55900000000003;68.41
gemini-3-flash-preview;Malta;Maltese;42.69000000000001;42.69000000000001;88.83000000000003
gemini-3-flash-preview;Malta;English;57.98299999999999;59.20799999999999;88.83000000000003
gemini-3-flash-preview;Moldova;Romanian;51.907999999999994;51.907999999999994;38.41
gemini-3-flash-preview;Monaco;French;64.80900000000003;66.55900000000003;13.7
gemini-3-flash-preview;North Macedonia;Macedonian;52.806000000000004;52.806000000000004;29.259999999999998
gemini-3-flash-preview;Norway;Bokmål;65.144;67.894;68.6
gemini-3-flash-preview;Poland;Polish;34.74000000000001;36.940000000000005;20.5
gemini-3-flash-preview;Portugal;Portuguese;73.39000000000001;73.39000000000001;66.99
gemini-3-flash-preview;Romania;Romanian;51.907999999999994;51.907999999999994;18.630000000000003
gemini-3-flash-preview;Russia;Russian;59.244000000000014;59.994000000000014;2.0
gemini-3-flash-preview;San Marino;Italian;45.688;47.438;14.97
gemini-3-flash-preview;Serbia;Serbian;62.378000000000014;62.378000000000014;35.25999999999999
gemini-3-flash-preview;Slovakia;Slovak;42.768;45.518000000000015;27.169999999999998
gemini-3-flash-preview;Slovenia;Slovene;61.9;60.9;50.28999999999999
gemini-3-flash-preview;Spain;Spanish;58.94199999999999;57.94199999999999;77.969411764702
gemini-3-flash-preview;Sweden;Swedish;62.742;63.492;66.07000000000001
gemini-3-flash-preview;Switzerland;Italian;45.688;47.438;50.11999999999999
gemini-3-flash-preview;Switzerland;German;72.554;70.804;50.11999999999999
gemini-3-flash-preview;Switzerland;French;64.80900000000003;66.55900000000003;50.11999999999999
gemini-3-flash-preview;Turkey;Turkish;28.713;28.713;4.75
gemini-3-flash-preview;Ukraine;Ukrainian;48.07000000000001;48.07000000000001;18.759999999999998
gemini-3-flash-preview;United Kingdom;English;57.98299999999999;59.20799999999999;45.64999999999999
