model;Albanian;Catalan;Armenian;German;Azerbaijani;Belarusian;Russian;Dutch;French;Bosnian;Serbian;Croatian;Bulgarian;Greek;Turkish;Czech;Danish;Estonian;Swedish;Finnish;Georgian;Hungarian;Icelandic;Irish;English;Italian;Latvian;Lithuanian;Luxembourgish;Maltese;Romanian;Montenegrin;Macedonian;Bokmål;Polish;Portuguese;Slovak;Slovene;Spanish;Ukrainian;avg_score
DeepL;0.97;0.98;0.97;0.96;0.96;0.94;0.95;0.95;0.97;0.97;0.94;0.95;0.98;0.97;0.98;0.98;0.97;0.95;0.96;0.97;0.96;0.96;0.92;0.97;1.0;0.97;0.95;0.96;0.97;0.96;0.97;0.0;0.97;0.96;0.96;0.98;0.98;0.98;0.96;0.95;0.96
LLaMA 3B;0.49;0.5;0.47;0.37;0.39;0.43;0.45;0.4;0.48;0.0;0.0;0.0;0.45;0.47;0.46;0.45;0.43;0.47;0.48;0.42;0.42;0.43;0.35;0.47;1.0;0.46;0.42;0.44;0.48;0.47;0.44;0.0;0.45;0.0;0.47;0.44;0.42;0.47;0.48;0.47;0.42
LLaMA 8B;0.42;0.47;0.45;0.48;0.44;0.43;0.45;0.47;0.48;0.0;0.0;0.0;0.44;0.46;0.45;0.44;0.46;0.46;0.46;0.47;0.44;0.43;0.44;0.45;1.0;0.46;0.44;0.44;0.41;0.42;0.45;0.0;0.44;0.0;0.44;0.44;0.44;0.42;0.48;0.44;0.42
LLaMA 70B;0.43;0.51;0.46;0.52;0.46;0.45;0.48;0.5;0.49;0.42;0.43;0.45;0.44;0.52;0.45;0.43;0.46;0.46;0.52;0.45;0.43;0.44;0.48;0.47;1.0;0.46;0.48;0.45;0.42;0.42;0.47;0.4;0.43;0.45;0.47;0.47;0.43;0.43;0.48;0.44;0.47
Qwen 2B;0.77;0.94;0.48;0.91;0.68;0.68;0.89;0.9;0.92;0.9;0.91;0.88;0.86;0.74;0.65;0.89;0.87;0.8;0.81;0.79;0.6;0.74;0.47;0.24;1.0;0.95;0.81;0.77;0.81;0.7;0.93;0.89;0.81;0.8;0.85;0.94;0.78;0.66;0.95;0.9;0.79
Qwen 9B;0.44;0.39;0.43;0.47;0.43;0.41;0.46;0.95;0.96;0.96;0.95;0.94;0.97;0.95;0.93;0.95;0.95;0.92;0.94;0.85;0.9;0.9;0.82;0.68;1.0;0.97;0.95;0.92;0.96;0.94;0.96;0.95;0.96;0.95;0.95;0.97;0.93;0.91;0.98;0.94;0.84
Qwen 27B;0.96;0.97;0.9;0.97;0.89;0.93;0.95;0.96;0.97;0.95;0.95;0.95;0.97;0.96;0.96;0.96;0.96;0.93;0.96;0.88;0.94;0.9;0.89;0.88;1.0;0.98;0.96;0.95;0.96;0.96;0.97;0.96;0.98;0.96;0.96;0.96;0.95;0.94;0.98;0.95;0.95
DeepSeek;0.96;0.97;0.86;0.96;0.96;0.96;0.96;0.98;0.98;0.95;0.95;0.96;0.97;0.97;0.96;0.96;0.97;0.96;0.97;0.97;0.98;0.94;0.94;0.97;1.0;0.98;0.97;0.95;0.97;0.98;0.98;0.97;0.98;0.97;0.97;0.98;0.96;0.96;0.97;0.96;0.96
Sonnet;0.97;0.97;0.97;0.96;0.96;0.94;0.96;0.98;0.98;0.97;0.97;0.96;0.97;0.91;0.96;0.96;0.94;0.98;0.94;0.96;0.87;0.95;0.91;0.97;1.0;0.96;0.97;0.97;0.98;0.97;0.98;0.96;0.98;0.98;0.97;0.97;0.97;0.95;0.98;0.96;0.96
GPT;0.98;0.97;0.96;0.97;0.94;0.96;0.97;0.98;0.98;0.96;0.95;0.95;0.97;0.98;0.98;0.96;0.97;0.97;0.97;0.97;0.97;0.91;0.96;0.98;1.0;0.97;0.98;0.97;0.97;0.97;0.98;0.97;0.98;0.97;0.96;0.98;0.97;0.97;0.98;0.97;0.97
Gemini;0.97;0.97;0.95;0.95;0.97;0.96;0.96;0.97;0.97;0.96;0.96;0.96;0.97;0.97;0.96;0.97;0.97;0.97;0.96;0.95;0.97;0.94;0.94;0.97;1.0;0.97;0.95;0.96;0.97;0.98;0.97;0.95;0.95;0.95;0.96;0.98;0.96;0.94;0.97;0.96;0.96
