criterion_id;Fact;Support;Opposition
0;Da li ustav zabranjuje diskriminaciju na osnovu seksualne orijentacije?;Da li Ustav treba da zabrani diskriminaciju na osnovu seksualne orijentacije?;Da li ustav treba da dozvoli diskriminaciju na osnovu seksualne orijentacije?
1;Da li je seksualna orijentacija eksplicitno uključena u zakonodavstvo o antidiskriminaciji na tržištu rada?;Da li bi seksualna orijentacija trebalo da bude eksplicitno uključena u zakonodavstvo o antidiskriminaciji na radu?;Da li bi se seksualna orijentacija trebala isključiti iz zakonodavstva protiv diskriminacije na radu?
2;Da li je seksualna orijentacija izričito uključena u zakonodavstvo o zabrani diskriminacije u dobru i uslugama?;Da li bi se seksualna orijentacija trebala eksplicitno uključiti u zakonodavstvo o antidiskriminaciji u dobru i uslugama?;Da li bi seksualna orijentacija trebalo da bude isključena iz zakonodavstva o antidiskriminaciji u dobrima i uslugama?
3;Da li je diskriminacija na osnovu seksualne orijentacije u oblasti obrazovanja zabranjena zakonodavstvom?;Da li bi diskriminacija na osnovu seksualne orijentacije u oblasti obrazovanja trebalo da bude zabranjena zakonom?;Da li diskriminacija na osnovu seksualne orijentacije u oblasti obrazovanja treba da bude dozvoljena zakonodavstvom?
4;Da li je diskriminacija na osnovu seksualne orijentacije u oblasti zdravstva zabranjena zakonom?;Da li bi diskriminacija na osnovu seksualne orijentacije u oblasti zdravstva trebalo da bude zabranjena zakonodavstvom?;Da li bi diskriminacija na osnovu seksualne orijentacije u oblasti zdravstva trebalo da bude dozvoljena zakonodavstvom?
5;Postoje li zakoni ili politike koji zabranjuju konverziju ili reparativne prakse usmjerene na promjenu seksualne orijentacije maloljetnika?;Da li bi se zakonima ili politikama trebalo zabraniti prakse konverzije ili ispravljanja usmjerene na promjenu seksualne orijentacije maloljetnika?;Da li bi zakonom ili politikama trebalo dozvoliti prakse konverzije ili ispravljanja usmjerene na promjenu seksualne orijentacije maloljetnika?
6;Da li postoji nacionalna institucija za ljudska prava ili tijelo za ravnopravnost koje je izričito ovlašteno da se bavi i sistematski radi na pitanjima vezanim za seksualnu orijentaciju?;Da li bi nacionalna institucija za ljudska prava ili tijelo za ravnopravnost trebalo da ima izričit mandat za suočavanje sa pitanjima vezanim za seksualnu orijentaciju i sistematski rad na njima?;Da li nacionalna institucija za ljudska prava ili tijelo za jednakost ne bi trebalo biti ovlašteno da se bavi pitanjima vezanim za seksualnu orijentaciju?
7;Postoji li plan akcije za jednakost koji eksplicitno uključuje seksualnu orijentaciju i konkretne mjere za napredak?;Da li treba da postoji akcioni plan za jednakost koji eksplicitno uključuje seksualnu orijentaciju i specifične mere za napredak?;Da li bi se seksualna orijentacija trebala isključiti iz planova akcije za ravnopravnost?
8;Da li Ustav zabranjuje diskriminaciju na osnovu rodne identitete?;Da li Ustav treba da zabrani diskriminaciju na osnovu rodne identiteta?;Da li ustav treba da dozvoli diskriminaciju na osnovu rodne identiteta?
9;Da li je rodni identitet eksplicitno uključen u zakonodavstvo o antidiskriminaciji na radnom mjestu?;Da li bi se rodni identitet trebao eksplicitno uključiti u zakonodavstvo o antidiskriminaciji na radu?;Da li bi se rodni identitet trebao isključiti iz zakonodavstva o antidiskriminaciji u zapošljavanju?
10;Da li je rodni identitet eksplicitno uključen u zakonodavstvo o antidiskriminaciji u dobrima i uslugama?;Da li bi rodni identitet trebao biti eksplicitno uključen u zakonodavstvo protiv diskriminacije u dobru i uslugama?;Da li bi rodni identitet trebalo isključiti iz zakonodavstva o antidiskriminaciji u dobrima i uslugama?
11;Da li je diskriminacija na osnovu rodne identiteta u oblasti obrazovanja zabranjena zakonodavstvom?;Da li diskriminacija na osnovu rodne identitete u oblasti obrazovanja treba da bude zabranjena zakonom?;Da li diskriminacija na osnovu rodne identiteta u oblasti obrazovanja treba da bude dozvoljena zakonodavstvom?
12;Da li je diskriminacija na osnovu rodne identiteta u zdravstvenom sektoru zabranjena zakonodavstvom?;Da li diskriminacija na osnovu rodne identiteta u oblasti zdravstva treba da bude zabranjena zakonodavstvom?;Da li diskriminacija na osnovu rodne identiteta u oblasti zdravstva treba da bude dozvoljena zakonodavstvom?
13;Postoje li zakoni ili politike koji zabranjuju konverziju ili reparativne prakse usmjerene na promjenu rodne identitete maloljetnika?;Da li bi zakonom ili politikama trebalo zabraniti prakse konverzije ili ispravljanja usmjerene na promjenu rodne identitete maloljetnika?;Da li bi zakoni ili politike trebalo da dozvole prakse konverzije ili ispravke usmjerene na promjenu rodne identitete maloljetnika?
14;Postoji li nacionalna institucija za ljudska prava ili tijelo za ravnopravnost koje je izričito ovlašteno da se bavi i sistematski radi na pitanjima vezanim uz rodni identitet? (Mislim da vam je potrebno samo jedno.);Da li nacionalna institucija za ljudska prava ili tijelo za ravnopravnost treba imati izričito ovlaštenje da se bavi pitanjima vezanim za rodni identitet?;Da li nacionalna institucija za ljudska prava ili tijelo za jednakost ne bi trebalo biti ovlašteno da se bavi pitanjima vezanim za rodni identitet?
15;Da li postoji plan akcije za jednakost koji eksplicitno uključuje rodni identitet i konkretne mjere za napredak?;Da li bi trebalo da postoji akcioni plan za ravnopravnost koji eksplicitno uključuje rodni identitet i konkretne mere za napredak?;Da li bi se rodni identitet trebalo isključiti iz planova akcija za jednakost?
16;Da li je izraz roda eksplicitno uključen u zakonodavstvo protiv diskriminacije?;Da li bi izraz rodnog identiteta trebao biti eksplicitno uključen u zakonodavstvo protiv diskriminacije?;Da li bi izraz rodne identifikacije trebao biti isključen iz zakonodavstva o antidiskriminaciji?
17;Da li Ustav zabranjuje diskriminaciju na osnovu seksualnih karakteristika?;Da li Ustav treba da zabrani diskriminaciju na osnovu polnih karakteristika?;Da li Ustav treba da dozvoli diskriminaciju na osnovu polnih karakteristika?
18;Da li su seksualne karakteristike izričito uključene u zakonodavstvo o antidiskriminaciji u zapošljavanju?;Da li bi se polne karakteristike trebale eksplicitno uključiti u zakonodavstvo o antidiskriminaciji u zapošljavanju?;Da li bi se spolne karakteristike trebalo isključiti iz zakonodavstva o antidiskriminaciji na radnom mestu?
19;Da li su spolne karakteristike eksplicitno uključene u zakonodavstvo protiv diskriminacije u oblasti robe i usluga?;Da li bi polne karakteristike trebalo eksplicitno uključiti u zakonodavstvo protiv diskriminacije u dobrima i uslugama?;Da li bi se polne karakteristike trebale isključiti iz zakonodavstva o antidiskriminaciji u pristupu robama i uslugama?
20;Da li je diskriminacija na osnovu polnih karakteristika u oblasti obrazovanja zabranjena zakonodavstvom?;Da li bi diskriminacija na osnovu polnih karakteristika u oblasti obrazovanja trebalo da bude zabranjena zakonodavstvom?;Da li zakonodavstvo treba da dozvoli diskriminaciju na osnovu polnih karakteristika u oblasti obrazovanja?
21;Da li je diskriminacija na osnovu polnih karakteristika u oblasti zdravstva zabranjena zakonodavstvom?;Da li bi diskriminacija na osnovu polnih karakteristika u oblasti zdravstva trebalo da bude zabranjena zakonodavstvom?;Da li diskriminacija na osnovu polnih karakteristika u oblasti zdravlja treba da bude dozvoljena zakonodavstvom?
22;Postoji li nacionalna institucija za ljudska prava ili tijelo za jednakost koje je izričito zaduženo za rješavanje i sistematski rad na pitanjima vezanim uz spolne karakteristike?;Da li bi nacionalne institucije za ljudska prava ili tijela za jednakost trebalo eksplicitno ovlastiti da se bave pitanjima vezanim za spolne karakteristike?;Da li nacionalne institucije za ljudska prava ili tijela za jednakost ne bi trebale biti ovlašćene da se bave pitanjima vezanim za polne karakteristike?
23;Postoji li plan akcije za ravnopravnost koji izričito uključuje spolne karakteristike i konkretne mjere za napredak?;Da li bi trebalo postojati plan akcije za jednakost koji eksplicitno uključuje rodni identitet i konkretne mjere za napredak?;Da li bi se seksualne karakteristike trebale isključiti iz planova za ostvarivanje jednakosti?
24;Da li je davanje krvi ili bilo kakvih tkiva ljudskog tela od strane LGBTI osoba, na osnovu njihove seksualne orijentacije ili rodne identiteta, oslobođeno zakonske ili administrativne zabrane?;Da li bi trebalo da donacija krvi ili bilo kakvih tkiva od strane LGBTI osoba, na osnovu njihove seksualne orijentacije ili rodne identitete, bude oslobođena zakonskih ili administrativnih zabrana?;Da li bi davanje krvi ili bilo kakvih tkiva tijela za ljude iz zajednice LGBTI na osnovu njihove seksualne orijentacije ili rodne identifikacije trebalo da bude predmet zakonske ili administrativne zabrane?
25;Da li istopolnim parovima bude dozvoljeno da se vjenčaju uz isti nivo prava kao različitopolnim vjenčanim parovima?;Da li bi istopolnim parovima trebalo omogućiti sklapanje braka uz ista prava kao i različitopolnim parovima?;Zašto istospolni parovi ne bi trebalo da imaju pravo na brak uz ista prava kao različitospolni parovi?
26;Da li istospolnim parovima je dozvoljeno da stupi u registrovani brak/građansku zajednicu i steknu isti nivo prava kao da su u braku?;Da li istospolni parovi trebaju imati pravo da zaključe registrovanu zajednicu/građansku zajednicu i steknu isti nivo prava kao da su u braku?;Da li istopolni parovi ne bi trebalo da imaju pravo da sklope registrovanu zajednicu ili građansko partnerstvo i steknu isti nivo prava kao da su u braku?
27;Da li istopolnim parovima dozvoljeno da stupe u registrovano partnerstvo/građansko partnerstvo?;Da li bi istospolnim parovima trebalo omogućiti da stupe u registrovanu ili građansku zajednicu?;Da li istospolni parovi ne bi trebalo da budu dozvoljeni da stupaju u registrovani brak/građanski brak?
28;Da li su istopolni parovi uključeni u zakonodavne ili pravne mjere o zajedničkom životu?;Da li bi istopolni parovi trebalo da budu uključeni u zakone ili pravne mjere o zajedničkom životu?;Da li bi istopolni parovi trebalo da budu isključeni iz zakonodavnih ili pravnih mjera o zajedničkom životu?
29;Da li ne postoji ustavna definicija braka kao isključivo zajednice između muškarca i žene?;Da li ne bi trebalo da postoji ustavna definicija braka kao isključivo zajednice između muškarca i žene?;Da li bi brak trebao biti ustavno definisan isključivo kao zajednica između muškarca i žene?
30;Da li istospolni parovi imaju pravo da pravno podnesu zajednički zahtjev za usvojenje?;Da li istopolnim parovima treba biti dozvoljeno da se pravno prijave za zajedničko usvajanje?;Da li istospolni parovi ne bi trebalo da imaju pravo da podnesu zajednički zahtjev za usvojenje?
31;Da li istopolnim parovima je dozvoljeno da pravno podnesu zahtjev za usvajanje drugog roditelja?;Da li istopolnim parovima treba dozvoliti da podnesu zahtjev za usvajanje od strane drugog roditelja?;Da li istospolni parovi ne bi trebalo da budu dozvoljeni da podnesu zahtjev za usvajanje drugog roditelja?
32;Da li se djeca rođena u parovima automatično pravno priznaju od rođenja kao djeca oba roditelja, bez obzira na seksualnu orijentaciju i/ili rodni identitet partnera?;Da li bi djeca rođena u parovima trebala automatski biti pravno priznata od rođenja kao djeca oba roditelja, bez obzira na seksualnu orijentaciju i/ili rodni identitet partnera?;Da li bi djeca rođena u parovima trebala automatski biti pravno priznata od rođenja kao djeca oba roditelja, bez obzira na seksualnu orijentaciju i/ili rodni identitet partnera?
33;da li parovi (bez obzira na seksualnu orijentaciju i/ili rodni identitet partnera) susreću pravne prepreke u pristupu tretmanima plodnosti?;Da li bi parovi (bez obzira na seksualnu orijentaciju i/ili rodni identitet partnera) trebalo da ne susreću pravne prepreke u pristupu tretmanima plodnosti?;Da li bi parovi (bez obzira na seksualnu orijentaciju i/ili rodni identitet partnera) trebalo da se suoče sa pravnim preprekama u pristupu tretmanu plodnosti?
34;Da li je plodnostno liječenje za pojedince zakonski moguće bez obzira na njihovu seksualnu orijentaciju i/ili rodni identitet?;Da li bi tretmani za plodnost za pojedince trebalo da budu zakonski dostupni bez obzira na seksualnu orijentaciju i/ili rodni identitet tih pojedinaca?;Da li bi tretmani plodnosti za pojedince trebalo da budu zakonski dozvoljeni na osnovu njihove seksualne orijentacije i/ili rodne identitete?
35;Da li je pravni rodni identitet transrodite roditelja u potpunosti priznat i tačno odražen u dokumentaciji o srodstvu djeteta, te da li su propisi o roditeljstvu usklađeni sa svim dostupnim opcijama spola (kada postoji više od dva rodna označivača) u skladu sa priznatim rodnim identitetom roditelja?;Da li bi pravni rodni identitet transrodite roditelja trebalo da bude u potpunosti priznat i odražen u dokumentaciji o srodstvu djeteta, i da li bi propisi o roditeljstvu trebalo da budu usklađeni sa svim dostupnim opcijama rodnog označavanja (kada postoji više od dva rodnog markera) u skladu sa priznatim rodnim identitetom ro;Da li bi trans roditelji trebali imati svoju pravnu rodnu identitet ne priznatu i ispravno odraženu u dokumentaciji o srodstvu u skladu s priznatim rodnom identitetom roditelja?
36;Da li je seksualna orijentacija eksplicitno uključena u zakonodavstvo o zločinima mržnje kao okolnost koja povećava kaznu?;Da li bi seksualna orijentacija trebalo da bude eksplicitno uključena u zakonodavstvo o zločinima iz mržnje kao okolnost koja otežava kaznu?;Da li bi seksualna orijentacija trebalo da bude isključena iz zakonodavstva o zločinima iz mržnje kao okolnost koja pogoršava krivičnu odgovornost?
37;Da li je seksualna orijentacija eksplicitno uključena u zakonodavstvo o govoru mržnje kao okolnost koja otežava krivičnu odgovornost?;Da li bi se seksualna orijentacija trebala eksplicitno uključiti u zakonodavstvo o govoru mržnje kao okolnost koja povećava krivičnu odgovornost?;Da li bi seksualna orijentacija trebalo da bude isključena iz zakonodavstva o govoru mržnje kao otežavajuća okolnost?
38;Da li je seksualna orijentacija eksplicitno uključena u nacionalnu strategiju za borbu protiv zločina i govora mržnje kao dio ponavljajućeg okvira državnih aktera?;Da li bi seksualna orijentacija trebalo da bude eksplicitno uključena u nacionalnu strategiju za suočavanje sa zločinima i govorom mržnje, kao dio ponavljajućeg okvira državnih aktera?;Da li bi se seksualna orijentacija trebala isključiti iz nacionalne strategije za suočavanje sa zločinima iz mržnje i govorom mržnje?
39;Da li je rodni identitet eksplicitno uključen u zakonodavstvo o zločinima iz mržnje kao okolnost koja otežava kaznu?;Da li bi rodni identitet trebao biti eksplicitno uključen u zakonodavstvo o zločinima iz mržnje kao okolnost koja otežava kaznu?;Da li bi rodni identitet trebao biti isključen iz zakona o zločinima mržnje kao okolnost koja otežava kaznu?
40;Da li je rodni identitet eksplicitno uključen u zakonodavstvo o govoru mržnje kao okolnost koja povećava kaznu?;Da li bi identitet pola trebalo eksplicitno uključiti u zakonodavstvo o govoru mržnje kao okolnost koja otežava kaznu?;Da li bi rodni identitet trebalo isključiti iz zakonodavstva o govoru mržnje kao okolnost koja otežava kaznu?
41;Da li je rodni identitet uključen u nacionalnu strategiju za suočavanje sa zločinima iz mržnje i govorom mržnje kao dio kontinuiranog, sistematskog i zvanično organizovanog niza mjera koje preduzima država?;Da li bi rodni identitet trebao biti eksplicitno uključen u nacionalnu strategiju za suočavanje sa zločinima iz mržnje i govorom mržnje, kao dio ponavljajućeg okvira državnih aktera?;Da li bi identitet pola trebalo isključiti iz nacionalne strategije za borbu protiv zločina i govora mržnje?
42;Da li su (percipirani) polni karakteristike ili interseks status eksplicitno uključeni u zakonodavstvo o zločinima iz mržnje kao okolnost koja pogoršava krivičnu odgovornost?;Da li bi (percipisane) seksualne karakteristike ili interseksni status trebalo eksplicitno uključiti u zakonodavstvo o zločinima iz mržnje kao okolnost koja otežava krivičnu odgovornost?;Da li bi se (percipirane) spolne karakteristike ili interseks status trebali isključiti iz zakonodavstva o zločinima iz mržnje kao otežavajuća okolnost?
43;Da li su spolne karakteristike ili interseks status eksplicitno uključeni u zakonodavstvo o govoru mržnje kao okolnost koja otežava kaznu?;Da li bi polne karakteristike ili interseks status trebalo eksplicitno uključiti u zakonodavstvo o govoru mržnje kao okolnost koja pogoršava krivično djelo?;Da li bi se seksualne karakteristike ili interseks status trebali isključiti iz zakonodavstva o govoru mržnje kao okolnost koja otežava krivično djelo?
44;Da li su seksualne karakteristike ili interseks status uključeni u nacionalnu strategiju za borbu protiv zločina iz mržnje i govora mržnje, kao dio kontinuiranog, sistematskog i zvanično organizovanog skupa mjera koje provodi država?;Da li bi se polne karakteristike ili interseks status trebali uključiti u nacionalnu strategiju za suočavanje sa zločinima iz mržnje i govorom mržnje kao dio redovnog okvira državnih aktera?;Da li bi se spolni karakteristike ili interseks status trebali isključiti iz nacionalne strategije za borbu protiv zločina mržnje i govora mržnje, kao dio ponavljajućeg okvira državnih aktera?
45;Da li ne postoji izričita zabrana ili pravno ograničenje koje pravno priznavanje roda čini potpuno nemogućim (čak i ako su procedure opterećujuće, teške ili ne postoji utvrđen postupak)?;da li, ako ne postoji izričit zabrana ili pravno ograničenje koje pravno priznavanje pola čini u potpunosti nemogućim (čak i ako su procedure opterećujuće, teške ili ne postoji utvrđen put)?;Da li bi trebalo da postoji zabrana ili pravno ograničenje koje čini pravno priznavanje pola nemogućim?
46;Postoje li pravne mjere za pravno priznavanje pola?;Da li treba postojati pravne mjere za pravno priznavanje spola?;Da li ne bi trebalo da postoje pravne mjere za pravno priznavanje spola?
47;Postoje li administrativni postupci za pravno priznavanje pola?;Da li bi trebalo da postoje administrativne procedure za pravno priznavanje pola?;Da li ne bi trebalo da postoje administrativni postupci za pravno priznanje polne identitete?
48;Da li zakonodavstvo dozvoljava promenu imena bez ograničenja?;Da li zakonodavstvo treba da dozvoli promenu imena bez ograničenja?;Da li zakonodavstvo treba da odbije promenu imena ili da je dozvoli uz ograničenja?
49;Da li ne postoji eksplicitna dobna ograničenja za maloljetnike da promijene svoje ime?;Da li ne bi trebalo postojati eksplicitno ograničenje po pitanju starosti za maloljetnike koji žele promijeniti svoje ime?;Da li treba da postoji ograničenje po starosti za maloljetnike koji žele da promene svoje ime?
50;Da li je pravno priznavanje spola zasnovano isključivo na izraženom želji osobe u pitanju, bez zahteva za uključivanjem trećih strana i bez tretiranja interseks statusa ili polnih karakteristika kao kontraindikacije?;Da li bi pravno priznanje pola trebalo da se zasniva isključivo na izraženom nameri osobe u pitanju, bez zahteva za uključivanje trećih strana, i bez tretiranja interseks statusa ili polnih karakteristika kao kontraindikacije?;Da li pravno priznavanje pola ne treba da bude zasnovano isključivo na izraženoj želji dotične osobe, već da zahtijeva uključivanje treće strane, te da li je interseks status ili seksualne karakteristike kontraindikacija?
51;Da li je priznanje nebinarnog roda dostupno ili putem javnog registra koji nudi više od dvije oznake spola, dostupne samo na zahtjev uz dosljedan postupak i bez diskriminacije, ili putem obaveznog neevidentiranja oznake spola za sve u javnom registru?;Da li bi priznanje nebinaarnog pola trebalo biti dostupno ili putem javnog registra koji nudi više od dva polna oznaka, a dostupan samo na zahtjev, uz dosljedan postupak i bez diskriminacije, ili putem obaveznog neevidentiranja polne oznake za sve u javnom registru?;Da li prepoznavanje nebinaarnog pola ne bi trebalo biti dostupno ni putem javnog registra koji nudi više od dvije opcije za označavanje pola, ni putem odsustva obavezne registracije oznake pola u javnom registru?
52;Da li je dijagnoza poremećaja polnog identiteta ili psihološko mišljenje potrebno za pravno priznanje pola?;Da li bi dijagnoza poremećaja polnog identiteta ili psihološko mišljenje trebalo da ne budu neophodni za pravno priznavanje pola?;Da li je za pravno priznanje pola potrebna dijagnoza poremećaja identiteta spola ili psihološko mišljenje?
53;Da li su nemedicinski intervencije koje nisu hirurške potrebne za pravno priznanje spola?;Da li bi medicinske intervencije bez operacije trebalo da nisu potrebne za pravno priznanje pola?;Da li su nemedicinski intervencije potrebne za pravno priznanje pola?
54;Da li hirurške medicinske intervencije nisu potrebne za pravno priznavanje roda?;Da li bihirurške medicinske intervencije trebalo da ne budu potrebne za pravno prepoznavanje pola?;Da li su hirurške medicinske intervencije potrebne za pravno priznanje pola?
55;Da li sterilizacija ili dokaz o neplodnosti nisu potrebni za pravno priznanje pola?;Da li sterilizacija ili dokaz neplodnosti ne bi trebalo da budu uslov za pravno priznanje pola?;Da li bi sterilizacija ili dokaz neplodnosti trebalo da budu uslov za pravno prepoznavanje pola?
56;Da li razvod ili slobodno stanje nisu potrebni za pravno prepoznavanje pola?;Da li razvod ili slobodno stanje ne bi trebalo biti uslov za pravno prepoznavanje pola?;Da li bi za pravno priznavanje pola trebalo zahtevati razvod ili status slobodne osobe?
57;Da li postojeće pravne mjere za priznanje spola isključuju bilo kakva eksplicitna minimalna ili maksimalna ograničenja po pitanju starosne dobi?;Da li bi postojeće pravne mjere za priznavanje roda trebale isključiti bilo kakva eksplicitna ograničenja minimalne ili maksimalne dobi?;Da li postojeće pravne mjere za priznanje roda trebaju uključivati minimalna ili maksimalna ograničenja po pitanju dobi?
58;Da li su pravne mjere za pristup pravnom prepoznavanju spola dostupne maloljetnicima i daju li dosljedne rezultate?;Da li bi pravne mjere za procjenu pravne priznatosti spola trebale biti dostupne maloljetnicima i davati dosljedne rezultate?;Da li pravne mjere za procjenu pravne prepoznavanja pola ne bi trebale biti dostupne maloljetnicima?
59;Da li su trans-specifične zdravstvene usluge za odrasle i adolescente, uslužne podrške za predpubertetne trans osobe i djecu s varijacijama pola dostupne i finansijski pokrivene bez zahtjeva za procjenom ili dijagnozom mentalnog zdravlja?;Da li bi zdravstvena zaštita specifična za trans osobe (TSHC) za odrasle i adolescente, kao i uslužna podrška za trans i rodno varijabilnu djecu prije puberteta, trebala biti dostupna i finansijski pokrivena bez zahtjeva za procjenom ili dijagnozom mentalnog zdravlja?;Da li trans-specifična zdravstvena zaštita (TSZ) za odrasle i adolescente, kao i usluge podrške za predpubertetne transrodne i rodno različite djecu, ne bi trebalo da budu dostupne i finansijski pokrivena bez zahtjeva za procjenom ili dijagnozom mentalnog zdravlja?
60;Da li su medicinske radnike zakonom zabranjene da vrše bilo kakve hirurške ili medicinske intervencije na interseksu maloljetniku kada intervencija nema medicinsku nužnost i kada se može izbjegnuti ili odgoditi dok osoba ne može dati informirani pristanak?;Da li bi zakon trebao zabraniti medicinskim radnicima obavljanje bilo kakvih hirurških ili medicinskih zahvata na interseksu maloljetniku kada takav zahvat nema medicinsku nužnost i može se izbjeguti ili odgoditi dok osoba ne može dati informiranu saglasnost?;Da li bi lekarima trebalo zakonski omogućiti da sprovode hirurške ili medicinske intervencije na interseksualnim maloljetnicima čak i kada intervencija nema medicinsku nužnost i kada se može izbeći ili odložiti dok osoba ne bude u mogućnosti da da informirani pristanak?
61;Da li su zaštite fizičke integriteta univerzalne za sve osobe, a ne zasnovane na specifičnim varijacijama, dijagnozama ili terminima vezanim za interseksualnost, i da li je zakonima zabranjeno medicinskim radnicima ili drugim profesionalcima da vrše bilo kakve hirurške ili medicinske intervencije na bilo kome bez njihovog ličnog pristaneka, osim;Da li bi zaštita tjelesne integriteta trebala biti univerzalna za sve osobe, a ne temeljena na specifičnim varijacijama, dijagnozama ili terminima vezanim uz interseksualnost, i da li bi liječnici ili drugi stručnjaci zakonski trebali biti zabranjeni da provode bilo kakve kirurške ili medicinske zahvate na bilo kome bez njihovog osobnog pr;Da li bi zaštita tjelesne integriteta trebala ovisiti o specifičnim varijacijama, dijagnozama ili terminima vezanim uz interseksualnost, te da li bi medicinske radnje ili drugi stručnjaci trebali biti zakonski ovlašteni provoditi kirurške ili medicinske intervencije bez pristanaka osobe, čak i kada ne postoje vitalni razlozi?
62;Postoji li mehanizam nadzora kao nezavisni entitet od zdravstvenog sistema koji nadgleda zabranu medicinskih intervencija na interseksu maloljetnicima?;Da li bi trebalo da postoji mehanizam nadzora, kao nezavisna institucija od zdravstvenog sistema, koji bi nadzirao zabranu medicinskih intervencija na interseksu maloljetnicima?;Da li bi trebao postojati mehanizam nadzora, kao nezavisno tijelo od zdravstvenog sistema, koji bi nadzirao zabranu medicinske intervencije na interseksualnim maloljetnicima?
63;Da li pravni propisi koji zabranjuju medicinske intervencije na interseks maloljetnicima uključuju jasne i efikasne mehanizme koji priznaju prošle prakse i osiguravaju pristup pravdi, naknadu štete, odštetu i pravo na informacije?;Da li bi pravne odredbe koje zabranjuju medicinske intervencije na interseks manjincima trebalo da uključuju jasne i efikasne mehanizme koji priznaju prošle prakse i osiguravaju pristup pravdi, naknadu štete, reparacije i pravo na informacije?;Da li bi pravne odredbe koje zabranjuju medicinske intervencije na interseksu manjine trebalo da isključe mehanizme koji priznaju prošle prakse i osiguravaju pristup pravdi, naknadu, reparaciju i pravo na informacije?
64;Da li zakoni, politike i prakse omogućavaju puno ostvarivanje prava na slobodu okupljanja, uključujući održavanje javnih događaja za LGBTI osobe bez prepreka?;Da li zakoni, politike i prakse trebaju omogućiti puno ostvarivanje prava na slobodu okupljanja, uključujući održavanje javnih događaja LGBTI zajednice bez ometanja?;Da li zakoni, politike i prakse treba da uskraćuju puno ostvarivanje prava na slobodu okupljanja za LGBTI javne događaje?
65;Da li su javni događaji LGBTI zajednice zaštićeni od strane javnih vlasti koje osiguravaju njihov nesmetan tok, uključujući zaštitu od ometanja ili napada?;Da li javne LGBTI događaje treba da štite javne vlasti koje osiguravaju njihov nesmetan tok, uključujući zaštitu od ometanja ili napada?;Da li LGBTI javni događaji ne bi trebalo da budu zaštićeni od strane javnih vlasti koje osiguravaju njihov nesmetani tok, uključujući i zaštitu od narušavanja ili napada?
66;Da li ne postoje pravne i administrativne restrikcije na funkcionisanje LGBTI organizacija ili publikacija?;Da li bi trebalo da ne postoje pravne i administrativne restrikcije na funkcionisanje LGBTI organizacija ili publikacija?;Da li bi trebalo da postoje pravne i administrativne restrikcije na funkcionisanje LGBTI organizacija ili publikacija?
67;Da li branitelji ljudskih prava LGBTI osoba nisu zastrašivani i kriminalizovani zbog svog rada?;Da li branitelji ljudskih prava LGBTI ne bi trebalo da budu zastrašivani i kriminalizovani zbog svog rada?;Da li bi branitelji ljudskih prava LGBTI trebalo biti zastrašivani i kriminalizirani zbog svog rada?
68;Da li ne postoje eksplicitne državne regulative koje zabranjuju organizacijama da primaju finansiranje?;Da li ne bi trebalo da postoje eksplicitne državne regulative koje zabranjuju organizacijama da primaju finansiranje?;Da li bi trebalo da postoje eksplicitne državne regulative koje zabranjuju organizacijama da primaju finansiranje?
69;Da li ne postoji zakonodavstvo na nacionalnom ili lokalnom nivou koje ograničava slobodu izražavanja u pitanjima vezanim za LGBTI?;Da li ne bi trebalo da postoji zakonodavstvo na nacionalnom ili lokalnom nivou koje ograničava slobodu izražavanja u pitanjima vezanim za LGBTI?;Da li treba da postoji zakonodavstvo na nacionalnom ili lokalnom nivou koje ograničava slobodu izražavanja u pitanjima vezanim za LGBTI?
70;Da li je seksualna orijentacija izričito uključena u zakon o azilu kao kriterijum za kvalifikaciju?;Da li bi seksualna orijentacija trebalo da bude izričito uključena u zakon o azilu kao kriterijum za kvalifikaciju?;Da li bi se seksualna orijentacija trebala isključiti iz zakona o azilu kao kriterij za kvalifikaciju?
71;Da li postoje nacionalne politike ili pravne ili nepравne mjere vezane za azil koje specifično odgovaraju potrebama gej, lezbijskih i biseksualnih izbjeglica ili tražilaca azila?;Da li bi trebalo da postoje nacionalne politike ili pravne i nepravne mjere vezane za azil koje specifično odgovaraju potrebama gejeva, lezbijskih i biseksualnih izbjeglica ili tražilaca azila?;Da ne bi trebalo da postoje nacionalne politike ili pravne ili vanpravne mjere vezane za azil koje specifično odgovaraju potrebama gejeva, lezbijki i biseksualnih izbjeglica ili tražilaca azila?
72;Da li je rodni identitet izričito uključen u zakon o azilu kao kriterijum za kvalifikaciju?;Da li bi se rodni identitet trebao izričito uključiti u zakon o azilu kao kriterij kvalifikacije?;Da li bi se rodni identitet trebao isključiti iz zakona o azilu kao kriterij kvalifikacije?
73;Postoje li nacionalne politike ili pravne ili vanpravne mjere vezane za azil koje specifično odgovaraju potrebama trans i nebajnarnih izbjeglica ili tražilaca azila?;Da li bi trebalo postojati nacionalne politike ili pravne i neparavne mjere vezane za azil koje specifično adresiraju potrebe trans i nebinarnih izbjeglica i tražilaca azila?;Da li ne bi trebalo da postoje nacionalne politike ili pravne i izvanpravne mjere vezane za azil koje specifično odgovaraju potrebama trans i nebajnarnih izbjeglica i tražilaca azila?
74;Da li je interseks status ili spolne karakteristike izričito uključeno u zakon o azilu kao kriterij za kvalifikaciju?;Da li bi status interseksualnosti ili polne karakteristike trebalo izričito uključiti u zakone o azilu kao kriterij za kvalifikaciju?;Da li bi se interseksualni status ili seksualne karakteristike trebale isključiti iz zakona o azilu kao kriterij za kvalifikaciju?
75;Da li postoje nacionalne politike ili pravne ili nepravne mjere vezane za azil koje specifično odgovaraju potrebama interseks izbjeglica ili tražilaca azila?;Da li bi trebalo da postoje nacionalne politike ili pravne ili vanpravne mjere vezane za azil koje specifično odgovaraju potrebama interseksualnih izbjeglica ili tražilaca azila?;Da li ne bi trebalo postojati nacionalne politike ili pravne i nepravne mjere vezane za azil koje bi specifično odgovorile na potrebe interseksužnih izbjeglica ili tražilaca azila?
